0,1,2,3,4,5,6,7,8,9,cluster
3.5808314599495397,3.5818287208826036,0.06385625715385074,3.5812416913438807,0.10459103775413464,0.07352525725400369,38.952751566616136,3.581238219159539,3.581294946791782,0.08566086829351958,0
6.445134513267987,6.445835715551168,0.11490736733522505,6.445795677163839,0.18824765110867098,0.13233729765797012,0.8656480138392264,6.445786169319527,6.445789767601354,5.079347783806372,0
1.1114804030782979,1.1116592496950632,1.3960879081333442,1.1114863765676026,0.032462242119061395,0.05872892802207935,0.14929170404905462,1.1114903136094452,1.1114941666893763,4.866868667302375,0
4.604299275031611,4.604671470145291,0.08210763240252364,4.604686236140916,0.13448447318698828,0.09453446652133395,0.6183856869041029,4.605455430154493,4.604759102302083,5.387005917459182,0
5.371261764123639,5.371771569966999,0.09577660243842034,5.3717555871604485,0.1568789707868463,0.11028642624770148,36.78889252808056,5.37227996103059,5.371738211078544,0.12842717696787445,0
8.057507689930219,8.05797167308693,4.452057539699723,8.058172629695687,0.2353304677330691,0.2778442408244572,1.082275481431789,8.05803413317125,8.058193063682404,1.353974674430772,0
8.05640989369856,8.057293504746763,0.1436381313320744,8.057240874434411,0.23530937600052348,0.16542556394048963,1.0820596240881586,8.057203613363324,8.057245295323337,4.810032062293338,0
1.464881033961101,1.4650364492975745,0.026117471455580295,1.465025419304706,0.042785497967487734,0.030090572452684823,41.5109444551237,1.465014686431751,1.4650141882570504,0.035025270136067245,0
6.4453206298601255,6.446071317665705,0.11499152947064337,6.445954259111686,0.188252369339714,0.1323513372788435,0.8656673084175269,6.4459156052837185,6.446059994945451,5.0792444475335365,0
16.114409655031483,16.115971280882793,0.28725356515101186,177.2480513496596,0.4706495568017205,0.3308428752494203,2.1642474534585903,16.116023677137033,16.115915771897853,0.38525691579722654,0
6.445483579662537,6.44620254014143,0.11491277015521638,6.446045964397758,0.18825716150914823,0.13234306059291692,0.8656818902271868,6.446117136974975,6.446158207087157,5.079295240142542,0
2.6854970588052614,2.6857803276405448,5.314021369475545,2.685757211422713,0.07843724996187158,0.1925422927859169,0.3606921656294547,2.685750158620162,2.685780306416523,1.4835910034909923,0
6.445159478131954,6.445851789367864,0.11491231666745409,6.445824911835045,0.18824818713111774,0.13234088908159675,0.8656444329901747,6.445849182865173,6.445847316344662,5.079337030653036,0
5.371305295707066,5.371919332413074,0.09575739274363887,5.3719069775849375,0.15688299384667034,0.11027738093649367,0.721394252078926,5.372678695539273,5.371816622973228,5.25882957537258,0
5.370968114194528,5.371558393950812,4.883162762713108,5.371501574891205,0.1568741431961384,0.2351859648573448,0.7213920526192449,5.371480233056838,5.371495120801924,1.418755737580411,0
6.445722373763371,6.446310907697002,0.11490978547345465,6.44621012999515,0.1882648031785687,0.13234306850259847,0.8656919801176848,6.4461883424328255,6.4462114702722175,5.079278973051816,0
1.5346047318127451,1.5347621542745546,0.027364893157667564,1.534760945420465,0.044822430644390905,0.031510917159289886,0.2061211159002297,1.5347689084220808,1.5347580650400556,5.900087047085785,0
8.056940613151491,8.06143829524202,0.14368122470124495,8.057867579740359,0.2353549965671594,5.0150174222417805,1.0823554127852548,8.057724893756832,8.05783770999412,0.19265690887978645,0
5.371207489935071,5.371709251093812,4.883092173433654,5.371736611594608,0.15690410968896865,0.23520216081436848,0.7214106248571429,5.371848511837144,5.37176362709406,1.4187488343202215,0
16.113919578917052,16.115100482812878,0.28725299182273334,16.115233813603997,0.4706381687495184,0.3308308633140875,2.1647753658307383,177.24672389226276,16.114902029042188,0.38527080185479956,0
0.826324150150711,0.8264198442323879,5.6123265498298665,0.8264187138563448,0.024135996429657844,0.1630160425372811,0.11098938446113127,0.8264136613398972,0.8264131371176298,1.5284628897812358,0
0.6445184722235143,0.6445878118593348,0.01149139969023077,0.6445914044100822,0.018824905575509226,6.350428329641996,0.08656703904856983,0.6445799909124356,0.6445838415650813,0.015413462514476027,0
8.05737857660837,8.057865147435704,4.452157800019466,8.058315665882795,0.23533864394175502,0.27783668771869274,1.0822129779205287,8.058408213564414,8.058151454405962,1.353902894822836,0
4.6038888299157135,280.85094666122654,0.08208158223272966,4.604352502041856,0.13446868012663446,0.09452445160259401,0.6183344250351388,4.604343180395419,4.604295105101379,0.11007579992062094,1
2.4790718569142096,2.4793300985401725,2.1943407311222267,2.479351792782702,0.07240822199503726,3.655817164896268,0.33298058388851604,2.4793287147938523,2.47942868447459,0.6388149702734709,0
5.371336573959212,5.371917076800395,0.8312098198370731,5.371873450798721,0.15688417151740322,0.1294772400740243,0.7214950659348233,5.371944327831537,5.372186772979004,4.668881156560223,0
4.02830874814864,4.0287353549987195,5.0985663924994515,4.028706343690984,0.11766424108962176,0.21386983641944798,0.5410499655998666,4.028727264954742,4.028819874104108,1.4511713795934043,0
4.028483440353704,4.029076893899558,0.07181888464749843,4.028896919315142,0.11766286124170912,0.08271336120008344,0.5410531390320157,4.028908567554555,4.028902012956105,5.483270333650676,0
0.6576910033720325,0.6577415905647281,0.011725937902658507,0.6577376627511291,0.01920942280495346,6.348058162357432,0.08833326084632943,0.6577355476732721,0.6577394125808591,0.015728299624253476,0
6.445207402128419,6.445955735683355,4.710765591630404,6.445888726339827,0.1882498532378818,0.2522543006244508,0.8656840750166,6.445915496412013,6.445996695071654,1.392839527634836,0
10.741961405360282,10.743145721632427,4.021411789015403,10.74302362011994,0.31374830001427145,0.32047952155751164,1.442754848801172,10.742934971128879,10.743036825621301,1.2891063023300153,0
3.580932604164014,3.5813647448301644,0.06384809898587178,3.581424431967498,0.10460269855632315,0.07352784509639092,0.48099178645423024,3.5813604664106946,3.581307139917384,5.5580477061347295,0
2.4792470285136927,2.479432573985007,2.0645021736023197,2.4794570065346773,0.07241191754231356,0.10361537011606192,0.33304186100515304,2.480124665758959,2.479430524596401,4.121645684333666,0
177.22646998032957,16.11488681154359,0.2872739185692796,16.114853568539278,0.47075363291585665,0.3308504375725107,2.1644648318655735,16.114813742658406,16.1148433499066,0.3852950645422944,2
10.742066873226662,10.743306943913323,4.021376390578483,10.743128385294357,0.31375224836207677,0.32047800365717205,1.442852987401859,10.743121855699702,10.743457668982725,1.289100014785328,0
8.056527681982777,8.057332154064785,0.1436378984096115,8.057290716096038,0.23531760284599074,0.1654126093774862,1.0820669289486944,8.057374690677852,8.05728493055015,4.810030190818099,0
1.0071409202492236,1.0072768668363572,0.017961682594552587,1.0072506221887967,0.02941632172798184,0.02069293292597781,0.1352795504498708,1.0072361748160683,1.0072506061350104,5.988233972915679,0
3.2227828324526295,3.2234563687484488,0.9943996279611297,3.223118921803936,7.030065125041489,0.09061513846109319,0.4328997618017211,3.223095135181277,3.2231257354377103,0.32958968593074817,0
8.057035337436798,8.057705901470625,0.14364010371535224,8.05779798297509,0.23532662927822223,0.16543182897326045,1.0820900251742402,8.057711096123258,8.057733951769478,4.8099594565966095,0
5.371325612458705,5.37186143892162,4.883085641035901,5.3718398007416095,0.15689580155746613,0.23519531158908916,0.7214086840077397,5.372239274496716,5.3720259899017275,1.4187465316211727,0
4.603757301898361,4.6042268689623445,0.08207780812578416,4.604211521591909,0.13446447691992755,0.0945291867323805,0.6183217871904783,4.604203267812696,4.604193971469998,5.387118926276776,0
8.05643472375752,8.057336757392799,0.14363822541514634,8.057252613830567,0.235310133009413,0.16542601199945703,1.0820514141438147,8.057204912668968,8.057241376684582,4.810030760414772,0
4.028414710054709,4.029949296610365,1.8526521480561366,4.0288022876047975,0.11766071091374244,0.1291783883834955,0.5411035849996797,4.028815333117005,4.029029536575954,4.054786279731521,0
6.445317706927972,6.4459857175222,4.710754310756923,6.445983598171136,0.18825333737357794,0.25226480880091423,0.86569279549271,6.445912210252403,6.4461994937031,1.3928264686117218,0
8.056848777975851,8.061495954742401,0.1436471123807404,8.057656155910808,0.2353215278891217,5.015095288656708,1.082157048937515,8.05764151346881,8.057708452373365,0.1926681515936454,0
6.445297470029711,6.446039967370524,0.11490800981899206,6.4460227098113,0.1882507724637764,0.13234013733711797,0.8656508766840069,6.445927250668776,6.445940176766496,5.079325211728329,0
8.057055954923024,8.057778219076923,4.45221876315843,8.057711802349726,0.23533164159712744,0.27783577690514005,1.0821341562350713,8.057512406708486,8.057874115148723,1.3539139380231522,0
8.05646362543843,8.057351058729004,0.1436355027815754,8.057322577913125,0.2353108102719162,0.16542775585626507,1.0820622918727207,8.057263392310096,8.057285173079935,4.810025110512914,0
6.445397651182879,6.446009556614964,4.710762988607384,6.445999230605494,0.188252292999033,0.25225713110083464,0.865670500176218,6.44610656644579,6.446015260925845,1.3928284128972828,0
8.056499730295975,8.057333076710087,4.452286721928989,8.057275926402774,0.2353173727384704,0.27783051316881935,1.0820569807387106,8.057250356519203,8.057306677302188,1.353929738567004,0
5.3713870954006095,5.371905990026805,4.883052789806986,5.371763888569268,0.1568827145908586,0.23518594667652515,0.7214088948489266,5.3718793214547045,5.371774943127667,1.4188006091168104,0
16.11419869258074,16.115537893577873,0.28725461156979915,16.116393349068094,0.4706535467988748,0.33085472239390257,2.1642394719936107,16.115705058414655,177.2455664692469,0.3852844422509566,0
6.445348094029229,6.445997369717214,1.247241870519026,6.446020249227459,0.18825255248006761,0.16188144921173758,0.865657806389119,6.44631090789799,6.445998860758003,4.17103589785576,0
4.604153789817533,4.604550960892248,2.8853590511876535,4.604624911812283,0.13447553185098574,0.16767431336819313,16.59665697642257,4.6046153981442535,4.60452564817114,0.865642947459446,0
16.11393244784558,16.116043286649152,0.2872615450061016,16.11660691916186,0.47066836963773145,0.33083740952056756,2.1642470789346984,16.116038470863995,16.115567037337414,3.4633098043408173,0
16.114044906999695,177.2531833478144,0.28725770384650773,16.115275630367442,0.4706315319912276,0.33083442264880353,2.1641854699954095,16.115375376853187,16.114972809847387,0.38525760570408324,1
8.057211020322557,8.057864452704424,0.1436481885174704,8.05836072202398,0.23532998631807067,0.16544955369357778,1.0821323873785174,8.058050589625852,8.061362868270102,4.809835132725645,0
1.6114636330696546,1.611586656898937,0.028730813278444706,1.6115649863406074,0.04706617271058138,0.033085626559546985,36.979945450915984,1.6115449354813682,1.6115500919181038,0.6578537811647485,0
5.371044449239828,5.371672473946498,0.09581377746468706,5.371578649662638,0.1568755831628644,0.11029169283946452,0.7213882316347432,5.371511210343036,5.371635707836312,5.258819555042586,0
6.445137510502095,6.445839818443228,4.710817552434063,6.445777814481269,0.1882477769690485,0.2522425521515103,0.8656705009263461,6.4457466104342345,6.4457798619373,1.3928266498613682,0
6.445901378486154,6.446515203210764,4.710704728683391,6.446511175026376,0.18827418878453991,0.25225255344636727,0.8657347106360909,6.446557633832521,6.4467975666710196,1.3928019773424791,0
6.445378294097803,6.446067498243757,0.11492970068774523,6.4463067925557676,0.18825374239224776,5.305402305999761,0.8657175088802562,6.446121773618951,6.446151960636748,0.15416836287001276,0
4.603820670741653,4.604254300926325,5.006251165478524,4.604236013994334,0.13446628689393364,0.22300163363206604,0.6183603649374771,4.604272804359866,4.604250546958167,1.4372759789446914,0
6.4452594181783605,6.445941464268762,0.1149192101604415,6.44593934028428,0.1882509836640553,0.13234296176211652,0.8656508854399518,6.4460114782988445,6.4460235491052345,5.079314676945183,0
16.113103097177593,16.11465163226577,3.159622692810719,16.11457604433062,0.47063275211828853,0.4057701726779344,2.1642332618852653,16.114489655515317,16.114625242301635,1.1594614239355185,0
2.301941975994828,2.3022527995948727,1.3679596654248958,2.3021719336816115,0.06723437886693574,0.9210673012126774,24.8853857777452,2.3022833402918716,2.30217734317116,0.41268805292549415,0
5.370964762856236,5.371545394673961,4.883109925441121,5.371503549912053,0.15687452295143367,0.2351909605009537,0.7213882123581467,5.3714909102354484,5.371538235311501,1.4187915962346476,0
1.8958266400157817,1.8960143797865125,5.440727277006866,1.8960293151529424,0.0553730769630714,0.18000266277386892,0.25466391190236964,1.8960418236962813,1.8960199300786178,1.502641611395854,0
4.028422011976562,4.028956736137845,5.098525128377162,4.0289453211423325,0.11766465328495748,0.21388199857143633,0.5411191506799574,4.028851574791228,4.0288596848893246,1.4511676707086543,0
4.603959804720738,4.604428693316831,5.006213526806949,4.604507421634888,0.13447010552627098,0.223014830158194,0.6183725593163099,4.6044066586279575,4.604390268025522,1.4372720386594986,0
8.056508508099373,8.057349997917258,4.45223175410327,8.057314672429051,0.23531319438507106,0.27785132277195024,1.0820828298835403,8.057279861046792,8.057766651160586,1.3539411270370327,0
6.445206421458874,6.445878735404391,4.710785498450214,6.445834019400353,0.18824898933277312,0.25225497644043116,0.8656557648776114,6.445924982928732,6.445827806146428,1.3928335825805667,0
8.056606440425618,8.057438003970754,4.45226685907283,8.057345959017827,0.23531730696169229,0.2778325239489375,1.0820779921695987,8.057595294954089,8.057371370155986,1.3539271116788303,0
4.603990730507329,4.604661537353487,1.840188122218442,4.604507570733336,0.13447156385983736,0.14040965344453515,24.470927981206025,4.604505539694219,4.604835430336551,0.5839346510204494,0
16.112867772037145,16.11460527889145,3.1596738202114074,16.114486407766027,0.47062326219645306,0.40576775000226084,2.1641509469505804,16.11438832395083,16.11449366411954,1.1594534485951455,0
16.11326888186576,16.11504992191523,0.28725432138647733,16.11515874598293,0.47063172326582475,0.3308371656318362,2.1641348970610603,16.1149207082797,16.114807557971726,3.463450756719707,0
6.445539917529803,6.446291768135639,0.1149555780008607,6.446113949085045,0.18825863958948344,0.1323446473622003,0.8657978528475726,6.446223834886633,6.446613003682857,5.0792281877947385,0
2.6856830720017224,2.685970272302841,0.047879014451008464,298.1133935255648,0.07844114043277808,0.055156041601614865,0.3607582977245039,2.685870767698672,2.685876077436383,0.0642182810204019,0
4.028500344067363,4.028887065124752,5.098551016038777,4.0288235210325976,0.11766311659952489,0.2138726339565121,0.5410557780103668,4.028796087993287,4.028970925747212,1.4511675798080423,0
3.2228357050751257,3.223249003329979,0.05748625504306617,3.223217427619677,0.09413225110323026,0.0661723487192225,0.43289278155789135,3.2231985364773252,3.2232358878922205,5.617893242525829,0
8.056665869120673,8.057422526197097,0.14366843963884424,8.057445077912115,0.23531189369371888,5.0152043950168705,1.0821651447626564,8.05738444313801,8.057313038865985,0.19265065135975495,0
6.445752139453826,6.446438425080557,4.710728102883802,6.4464140503413105,0.1882634133555014,0.25225128524756424,0.8657012044947644,6.446273775259969,6.446540706315327,1.3928133328738441,0
8.056457918447869,8.057323439407863,4.4522498420525745,8.05724377613752,0.23531065015431696,0.27784928453484875,1.082071514268273,8.057231093429197,8.057331070069422,1.3539443623149867,0
5.371217715123688,5.371701154167909,4.883101796329977,5.371719330581347,0.1568795472393466,0.23519743289634465,0.7213874406123031,5.371976299512888,5.371750198088319,1.4187633247713913,0
10.741905550372877,10.743070025820094,0.19152581047041775,10.742995553531872,0.3137468646778522,0.2205825459368645,1.4427439358188217,10.74303227705182,10.743018724624976,4.361156132188433,0
5.370946353264891,5.3715340785497805,4.883147273157799,5.371482862670133,0.1568732034409735,0.23519134563149774,0.7213869121517291,5.3714598664027875,5.371497530976944,1.418765581198234,0
4.604551502008329,4.6050164063411225,5.006135170908872,4.6050772933481126,0.1344859354293059,0.22301882992940228,0.6184301688517208,4.605185109281406,4.604955887349309,1.4372514943399295,0
10.741982716673816,10.743112369225909,4.021409451776994,10.743001664830878,0.3137479902105067,0.3204762623539035,1.4427925597272253,10.742989431631042,10.74312148450264,1.28910405231268,0
3.581200240708891,3.5814290275778524,5.170316218973251,3.581490472911213,0.10462014099863612,0.20676430229818132,0.4809692595307157,3.5813894588925885,3.5814482804713417,1.461965187810612,0
6.445950074554323,6.446324072682064,0.11493883341957169,6.446360039845425,0.1882668335354883,0.13234605760583318,0.8657128468876194,6.446507746777309,6.446627369724241,5.079227740563627,0
4.603662335820696,4.604166552079444,0.08207777081393802,4.604136223001537,0.13446245818236296,0.0945282059851887,0.6183191958271197,4.604114736819692,4.60413700211438,5.387128762459132,0
2.929732908063774,2.93008654754646,0.052230834679754166,2.9300903325879992,0.08557219636862679,0.06015480099467547,0.3935219932240248,2.9300680115439572,2.930142982704863,5.666904596389316,0
3.2225862742355043,3.222960300255071,0.05749097957898828,3.222903652314557,0.09412423731858226,0.06617103021459428,0.4328624203248205,3.2228916209544,3.22293241178636,5.617928320455372,0
4.028506759468023,4.028955324585998,0.07183993651404179,4.028993583625367,0.11767341935941086,0.08271358061702264,0.5410579451754544,4.029006595230659,4.029016407400627,5.48324214399588,0
10.741879541667734,10.743067949405095,0.1915223764244898,10.743000632759388,0.31374580112094996,0.22058059426301352,1.4427520051102765,10.742943977837895,10.743018696871404,4.361162334251379,0
5.371275926508353,5.3720591172746355,4.883072469928868,5.372069086161324,0.15689056837235077,0.23518906641476703,0.7214425966395205,5.372191813290141,5.372095520922525,1.418753685869191,0
10.743307389765443,10.74415343679534,0.19150863565688298,10.744581487871141,0.3138051347749822,0.22056138564336766,1.4428718171250312,10.744222750307848,10.74450479804322,4.361004420395167,0
8.056526408061506,8.057336572469808,0.14364568771311648,8.05728997350372,0.23531765068293442,0.16542659925873546,1.0820659290651784,8.057375137750304,8.057307865897977,4.810010435312477,0
6.445768876983678,6.446594523798766,1.331743913235265,6.446385423308602,0.18826289061726206,0.16409545133884934,0.8659404522234313,6.446451909418564,6.446605598478645,4.103157641005911,0
2.4790695183950073,2.4794190261311786,2.92563047017524,2.4793245483608577,4.039781217321599,0.12607957046221885,0.33295637046444176,2.479318940834087,2.4793212024701305,0.8358982320112115,0
1.8960062513792757,1.8960034754765736,2.4652570983463487,1.8960542491691723,0.05537418278986459,0.10236591399998858,0.25471648362837396,1.8959822715081787,1.8960125847321037,3.88935356522623,0
4.6042289590722945,4.604578525693914,0.0820779713761468,4.60459986268472,0.1344753899874976,0.09453645998261474,0.6183517861297011,4.604581570028165,4.604464592859886,5.387064926286541,0
8.056453593966967,8.05731803718325,0.14363866732384523,8.057267583172784,0.2353104552012193,0.16542654895586315,1.0820550041573405,8.05722930183719,8.057334646247067,4.8100266478240945,0
10.741932872733205,10.743160858338893,0.19152250146706562,10.743025859596914,0.3137474272530768,0.22058281323486834,1.4427343778903046,10.742946781367186,10.743010309730586,4.361158399252003,0
5.371012637023508,5.371634160259171,3.12302946085259,5.3719045401122845,0.15687402842187576,2.1704711015119744,0.7214013057005849,5.371501201928423,5.371546819319702,0.9443539482410254,0
2.4789633458470606,2.479224472122163,5.347150806674754,2.479190858607569,0.07240455989184927,0.18926260157628116,0.3329511269211936,2.4792132034840666,2.4792093550500005,1.4885832748772254,0
8.056568826079541,8.057342969970838,4.452234559099849,8.0573111121861,0.2353148265546809,0.27784995071253543,1.0820541889407995,8.057317019523376,8.057465433862685,1.353947353626976,0
5.371071354231685,5.3718398213731975,4.883126124502466,5.371601727704271,0.1568768963136056,0.23519637954622433,0.7214004052682845,5.371682636797255,5.371669314114642,1.418754856085749,0
3.5806316189622054,3.5810191503955133,0.06383901767168976,3.5809941436173496,0.10458212088158812,0.07352269888170153,0.48091340655085213,3.580996789119638,3.5809960612685856,5.55811773483536,0
4.028292200486898,4.028712001051269,0.07181760542082882,4.028719784362984,0.11765647075439015,0.08271531928780412,0.541034980745864,4.028688328720372,4.028682995760453,5.483298625437956,0
16.113116037858006,16.114697114066125,3.159572004719088,16.114558404873776,0.47062081875309403,0.4058335241351333,2.164432573229686,16.11447889134433,16.11446025138601,1.1594225413903758,0
10.742128993542837,10.743127510988465,4.021291714078146,10.743111917377204,0.3137551805560437,0.3205181837679143,1.4427432794420623,10.743123707540489,10.743350957337906,1.2891458247868584,0
3.5806752659628294,3.5810640713957986,0.0638410378404578,3.5810528425810566,0.10458433869407598,0.07352400422237267,0.4809164536475139,3.5810517238258726,3.58104095043894,5.558108317503225,0
3.2227756141495525,3.223192930841044,5.227825783090333,3.2231303062954724,0.09413089513259647,0.2010728552208499,0.43284717656102806,3.2231154630883023,3.2232360693615187,1.470611643943987,0
6.445168811578101,6.446111993674437,4.710807971805134,6.445815732150006,0.18824994685947463,0.25224543582300624,0.865663803246211,6.44578854536843,6.445796856842423,1.392823237422794,0
4.603810214626503,4.604283094492426,5.006232818000928,4.604258384039478,0.13446625725349873,0.2230124409373828,0.6183431129710008,4.604274524320234,4.6043585707639405,1.4372795503404148,0
5.371372238841155,5.3719237461132945,4.8830534641132095,5.371902170988994,0.15688245958258268,0.23519076158244068,0.7214169583922868,5.371969540651696,5.371929523184703,1.4187871473762477,0
3.22323300816071,3.223063072812452,5.227799343476929,3.223106805843685,0.09414134905638762,0.20107499001825152,0.4329033321616426,3.2230753839028194,3.2230718940037573,1.4706134300808873,0
3.2226149089194647,3.2229415989227967,5.227836332800574,3.222919607507921,0.09412603053954176,0.20107173669006256,0.4328377065246109,3.2229344629267636,3.222989760940812,1.4706290966854012,0
6.44568783830422,6.4462314869682595,0.11494764773789737,6.446353529245347,0.1882683280858165,0.1323750641121763,0.8657929976443729,6.446275869884921,6.446220529159025,5.079199998741731,0
6.445187242841285,6.445882941040457,4.710767998007382,6.445835317544065,0.18825063524610225,0.25225552352085423,0.8656651202174166,6.445821694099811,6.445872186830755,1.392845643908159,0
10.74202983933175,10.74314292600781,4.021402316383147,10.743061576645227,0.31374817863790727,0.32047856780628503,1.4427842875685928,10.743230751557784,10.743021943614119,1.2891031202212415,0
10.743390443968135,10.750773597981674,4.020805856421263,10.744713412476445,0.31379727325730244,0.3207095453630962,1.4435372454877635,10.744931936014336,10.744424108509326,1.2889450231205952,0
6.445330285282808,6.4459752306249785,1.1553846036386004,6.445968529109747,0.18825246725810743,0.15950016418976298,0.8656538217839506,6.446166498139672,6.445932365324752,4.244709300954963,0
10.74242261924957,10.743542569202688,0.19159316120894015,10.743679717729306,0.3137649710671933,0.22056335224057785,1.4428520176071435,10.743516506256935,225.5901737709669,0.25686349955701837,0
1.5346653852681438,222.06780373451343,1.5676268033682776,1.5347868518297734,0.04482408857725483,0.07169621496051473,0.20612549457163779,1.534785997563184,1.534789540717634,0.45183714102731065,1
6.44523450733352,6.44589084271037,4.710775482691063,6.44586779827022,0.18825238732589836,0.25225603697866955,0.8656502810325301,6.44586406022634,6.445940418827312,1.3928365149165525,0
16.114044906999695,177.2531833478144,0.28725770384650773,16.115275630367442,0.4706315319912276,0.33083442264880353,2.1641854699954095,16.115375376853187,16.114972809847387,0.38525760570408324,1
10.74202983933175,10.74314292600781,4.021402316383147,10.743061576645227,0.31374817863790727,0.32047856780628503,1.4427842875685928,10.743230751557784,10.743021943614119,1.2891031202212415,0
10.74292084245328,10.743825871069948,4.021275898651957,10.743852490134426,0.3137751771420391,0.3204831846696602,1.4428209321611989,10.745184041453038,10.7439022881939,1.289074808488159,0
8.057073463643372,8.057709646080083,4.45209776711661,8.057970417199472,0.2353188363022456,0.27791733232742744,1.082152980991909,8.057851594561626,8.057667934081756,1.3539295333501704,0
3.5808354862235063,3.5812368981644136,0.06385069870664681,3.5812507112595204,0.10458724907338972,0.07352449765730801,38.9531585653494,3.5812109032287855,3.5811991910914074,0.08562390406462136,0
8.056419421544764,8.05730471066802,4.452253433327236,8.057227120263143,0.23530997077516472,0.2778491232344488,1.0820775012393942,8.057196289286564,8.057266975199653,1.3539446178476298,0
8.05640989369856,8.057293504746763,0.1436381313320744,8.057240874434411,0.23530937600052348,0.16542556394048963,1.0820596240881586,8.057203613363324,8.057245295323337,4.810032062293338,0
2.3019742229068467,2.3022095583538738,0.041042635499598044,2.3021801882280153,0.06723552724463498,0.04726524029531526,0.3091699054006981,2.302175554620839,2.3021977191393685,5.771837486576918,0
4.603755053694271,4.604238160891977,0.08207851725246705,4.604217929997887,0.13446536809458404,0.09452939041673354,0.6183260258482756,4.604241850649854,4.604262229359735,5.387114659183352,0
3.5809773554606856,3.5812656722890948,3.636048857504034,3.5812029367140332,0.10458838249018843,0.16672886821773858,0.48094550941091546,3.5812036930602344,3.581261556196509,2.6926984689951983,0
16.112826605440162,16.114623615908094,0.287246322371655,16.11458051850735,0.4706180231672072,0.33082180120483123,2.1641723168887403,16.11444390523477,16.114487582810867,3.46351810027474,0
1.3428427473565228,1.3429769334990325,0.023940912021563215,1.342991702066439,0.0392213287696722,0.02757157844955161,0.18036364481392594,1.3429697762527644,1.3429830813477177,5.932144338799502,0
1.8956908037672158,1.895900263788315,5.440751253597377,1.8958896768259377,0.055368894081944814,0.17999900039692474,0.2546109450359656,1.8958761971875209,1.895902801686036,1.5026495756002562,0
10.741956335432377,10.743085949859829,4.021323666999217,10.7430060755354,0.31375011411757825,0.32051756133505904,1.4427663828678943,10.742968936397135,10.743095278227539,1.2891355634073454,0
6.4451798611578965,6.445895081468744,3.1276638439839934,6.4458139256548295,0.18824845803781656,1.99292725493988,0.8656709405489046,6.445775857995998,6.445844577669498,0.9661410185990287,0
8.056652854029078,8.057427649619584,0.143633665502035,8.057501774201873,0.23531249099180623,0.1654471713799645,1.0820780846530353,8.05747453935207,8.05735249898457,4.80999088690747,0
285.99938784061015,4.029174187061538,0.07181429841828459,4.029002945902822,0.11766277373445078,0.08270972700303864,0.5410792744858276,4.028773409183457,4.028837908093657,0.09631793819643457,2
5.371018759404105,5.371606699355963,4.883136199784642,5.371589368603171,0.15687758502322477,0.23519604282444415,0.7213872301711669,5.371563092954053,5.371583856974066,1.4187583790741698,0
10.74202813637591,10.74315673698058,4.0213859871801,10.743129868416451,0.3137509783033655,0.3204799854611506,1.4427843332768169,10.743066656699087,10.744029560681831,1.2890949757879968,0
2.4790945208851793,2.4794192442163268,0.04419623880615821,2.4793915804680524,0.07240693067672252,0.05089880831118125,40.284979011593336,2.479280816579284,2.47930563686933,0.059291312715627556,0
2.9299058076589417,2.930171202404505,5.274828199540288,2.9301257365950977,0.08557517625593387,0.19642020190780232,0.39350390477433383,2.9301784259753694,2.9301304469173277,1.4776842796775886,0
6.445928763321277,6.446647805848428,0.11490962535425878,6.446698693491874,0.18827429167452664,0.13235652187283764,0.8657219904736035,6.446723568460525,6.446692696513386,5.079216685106717,0
16.112923366295163,16.11463122780837,0.2872526693185602,16.11456143461732,0.47062198071603967,0.33082416082732113,2.1641399016818,16.114777121670855,16.114487379443013,3.4635049516488143,0
4.604017871739697,4.604775091119459,0.0820828088274334,4.6044974126965705,0.13447491184305402,0.09454745716903455,0.6183474601222393,4.6044343302715465,4.60454036122074,5.387055224419992,0
3.223043669318294,3.2233944226501205,5.22779076580256,3.22331422564273,0.0941477046166757,0.20107462189275327,0.43287465984729273,3.223317422562624,3.223370247065394,1.470603371535663,0
3.580654445449489,3.581159788870727,5.170410706177101,3.5810049236029635,0.10458451307149068,0.20675383828157876,0.4809176888767331,3.5809916289452803,3.581010680899666,1.46197315077198,0
6.4451791544908525,6.445862579378101,4.710760972908481,6.445806070493175,0.18824918860818585,0.2522646393334797,0.8656409316863911,6.445801979962594,6.445900107107513,1.3928477579200194,0
5.370939232302246,5.371529133192446,0.09575824890120857,5.371494195169554,0.156872852424902,0.11028477382346942,0.7213732909799996,5.371467855910982,5.371496854263902,5.258883058002407,0
6.445569829838867,6.446406756734738,4.710736555107602,6.4461103076136705,0.18826010497018325,0.2522600652708157,0.8656867039228335,6.446152326696933,6.44625079141303,1.392820378913334,0
4.028409066037878,4.028834963741818,2.2600334870789274,4.028747447228541,0.11765929610115741,0.13980623563794534,0.5410421580669934,4.028766407013894,4.028809064687777,3.7280511232513263,0
6.445188994339535,6.445869543207908,4.710805726243938,6.445805009774728,0.18824873771402417,0.2522479312887157,0.8656861501288992,6.445766008919397,6.445802962052681,1.392824983763594,0
2.1483785689104797,2.148906596439112,5.400209527605238,2.1486006948876732,0.06274999303741961,0.18400935970185792,0.28854682635542184,2.1485862777532216,2.148588987232148,1.4965464512221605,0
2.6856678918336545,2.685981708223542,5.314002939002239,2.6861577758834305,0.07844271565008347,0.19254238518028663,0.3607050444322053,2.685957595464475,2.685919834591672,1.4835784438457091,0
8.05640989369856,8.057293504746763,0.1436381313320744,8.057240874434411,0.23530937600052348,0.16542556394048963,1.0820596240881586,8.057203613363324,8.057245295323337,4.810032062293338,0
8.060733935782231,8.057612393497863,4.452024807393411,8.057550211030083,0.23538916671216198,0.27786097073719507,1.082315943687117,8.057567904900244,8.057769298665217,1.3539141566941135,0
2.9298106489062103,2.930163490421456,5.2748217750068305,2.930316908121822,0.0855711518986631,0.1964328044249689,0.3934968334471883,2.9300345405402606,2.930082467317691,1.4776828916834703,0
4.028733246306865,4.029446979634587,0.07181712691528924,4.029316236226716,0.1176661795117001,0.08271500925527564,0.5412130332474363,4.028947489452839,4.028979819731037,5.483223134332975,0
8.056848236283011,8.057623999941624,0.1436509423287043,8.057499068240155,0.23532110933190276,5.015189277159782,1.0821165233780587,8.057716179598362,8.057671859716024,0.19265797759785208,0
8.05640989369856,8.057293504746763,0.1436381313320744,8.057240874434411,0.23530937600052348,0.16542556394048963,1.0820596240881586,8.057203613363324,8.057245295323337,4.810032062293338,0
10.74189185671177,10.743939452549776,4.021316232178664,10.743000013642682,0.3137492142962164,0.32051754460846005,1.4427372302413632,10.742953975604435,10.743052092151402,1.2891322480132488,0
8.05640989369856,8.057293504746763,0.1436381313320744,8.057240874434411,0.23530937600052348,0.16542556394048963,1.0820596240881586,8.057203613363324,8.057245295323337,4.810032062293338,0
10.741882230790674,10.743058463066912,0.19150446454279985,10.743002267260502,0.3137456930973106,0.22054837125008028,1.4427550922654762,10.742942982680063,10.742969561642756,4.361207623315679,0
8.056581441009834,8.057495756116033,0.14364854875757757,8.057434345918704,0.2353139525457528,0.16542228550326013,1.0820619552062405,8.057338914194727,8.0573843083301,4.8100076842346215,0
8.056431355719143,8.057313561377036,2.3461715171126225,8.057251123607772,0.2353116076364798,0.22289860174605042,1.0820699112313672,8.05722425765737,8.057305422775508,3.0432983068393327,0
4.603858109333097,4.604322141198535,5.006227053300885,4.604266723914372,0.1344690043831789,0.22300598011220954,0.6183347964019001,4.604368867023549,4.604301740082316,1.4372870316311148,0
10.741879541667734,10.743067949405095,0.1915223764244898,10.743000632759388,0.31374580112094996,0.22058059426301352,1.4427520051102765,10.742943977837895,10.743018696871404,4.361162334251379,0
8.05646362543843,8.057351058729004,0.1436355027815754,8.057322577913125,0.2353108102719162,0.16542775585626507,1.0820622918727207,8.057263392310096,8.057285173079935,4.810025110512914,0
5.3712366152739195,5.371914847625588,0.09575656327767221,5.371890688841001,0.15688369291934517,0.11028698135655056,0.7214065675836466,5.371924677558608,5.371851880546521,5.258834310083469,0
5.371515719974588,273.942089815952,0.09575517518494166,5.372138760543927,0.15688050615493532,0.11028768388858251,0.7214926948800936,5.371763123533889,5.37177532200586,0.12843064600736445,1
8.056483574288734,8.057315486322233,4.452276976134905,8.057246485530909,0.23531094826056356,0.27783772715494354,1.0821274586450538,8.057208560066249,8.05723862249135,1.3539279283782102,0
3.222776984784413,3.2231307965036295,0.05748285991498073,3.2231332342759518,0.09414091539759854,0.06617399473702776,0.43287320122643086,3.223094181238507,3.223135100206042,5.617900339323894,0
3.222762601090868,3.223110465793248,0.05745210384199559,3.2231333968344344,0.09413409428020993,0.066167711571066,30.396208890051938,3.2230915914993896,3.2231393207549615,1.3558206915529472,0
4.603778820201198,4.604304748297322,5.006243574814849,4.604241288694701,0.13446587125161602,0.22300566561623272,0.6183412753669034,4.6042165789415765,4.604231980209696,1.4372821914728524,0
10.742178357892485,10.74460039041534,0.19153605750407468,10.743316047504383,0.31375633276952763,4.53137780865891,1.4428850452143722,10.743331255124554,10.743305005911584,0.2568946324589661,0
6.445426651698167,6.4460968518903154,4.7107247635593925,6.446072227932881,0.18825531315777114,0.2522765424115688,0.8657890763616783,6.44601144757464,6.446071781220951,1.392817922994452,0
2.929851712465795,2.93016909870176,5.2748210754413165,2.9301451257921127,0.0855739900322017,0.19641937996730252,0.39350310578908065,2.9301301236989774,2.93016668354188,1.4776924230370385,0
8.060922021594658,8.05989199969489,4.451973326974969,8.057656858895301,0.2354089283086395,0.2778568314648484,1.08250885218499,8.057619784037936,8.057699980154826,1.3538689028453355,0
6.44515831307184,6.445851182732994,4.710792857204717,6.445791928986145,0.18824848197022598,0.25225367028603385,0.8656556735487412,6.4457742716093875,6.445839926308945,1.3928343480386336,0
8.05692324874361,8.057735314702207,4.452181354198522,8.05772898971333,0.23532403004747612,0.27786099497297484,1.0822810363595277,8.0576301192716,8.057711264828999,1.3539069809927364,0
6.44515281192023,6.445849368927543,0.11490682986585805,6.445812521578475,0.18824798948843205,0.1323375717828728,0.8656475158318115,6.445777245083319,6.44584152014674,5.079346039774978,0
6.4452208449119155,6.445914497254495,4.710769394111053,6.44586930660212,0.18824956936246434,0.2522627258332696,0.8656708419718859,6.445825017508966,6.4458873295183885,1.3928353381336378,0
4.6036840129529075,4.60417387025994,5.006260015290683,4.604134619404048,0.13446342154259425,0.22300490474771867,0.6183343603769555,4.604114442320432,4.6041464398375,1.4372826570107624,0
8.057041872091641,8.057866253146026,0.14363629269311082,8.058048627051276,0.23532293762630796,0.16543350546855562,1.082310825472477,8.057586526962671,8.057990651957478,4.809921329801237,0
6.445470356716977,6.446076081040994,4.710688632031762,6.446204165261282,0.18825235146728464,0.25228654067281747,0.8656867638893696,6.446180346771515,6.446053806398188,1.3928471376432312,0
6.4453526980684615,6.445992795658895,4.710766201155283,6.445941787844768,0.18825273662563669,0.2522579926308512,0.8656900430048188,6.445869714388278,6.445986670660282,1.3928293725513425,0
8.05640989369856,8.057293504746763,0.1436381313320744,8.057240874434411,0.23530937600052348,0.16542556394048963,1.0820596240881586,8.057203613363324,8.057245295323337,4.810032062293338,0
5.37098692067662,5.371551543861274,4.883144219450301,5.371504979151376,0.15687583238735803,0.23519434210095227,0.7213903427953228,5.371488964628875,5.371526179836357,1.418760260116228,0
5.3714254144281774,5.372037609396063,0.09576268406022095,5.37206936506036,0.1568933010502078,0.11028723972192599,0.7216899095696354,5.3720497911329055,5.371988325630786,5.258768356291817,0
5.371201296171044,5.371819830071518,4.88304592516594,5.372756363855175,0.1568802882885776,0.23524601742317683,0.7213929736898382,5.371728140440341,5.371805093320677,1.4187411537111188,0
5.371354141807809,5.372228706764954,1.8984296116128816,5.371742184675112,5.0468820313144755,0.15732360683742103,0.7214085832047773,5.371877049227164,5.371859671939477,0.614307134249169,0
8.05643472375752,8.057336757392799,0.14363822541514634,8.057252613830567,0.235310133009413,0.16542601199945703,1.0820514141438147,8.057204912668968,8.057241376684582,4.810030760414772,0
6.445152334273108,6.446077083131274,4.710787776951501,6.445793481020639,0.18824916768334862,0.25225394819993063,0.8656607929670534,6.445764602918372,6.44580984655392,1.3928333841481793,0
4.603775282634609,4.604287020051483,5.00625676902768,4.604222827250514,0.1344657531857651,0.2230008565348655,0.6183327621006022,4.604192714026432,4.604206212223054,1.4372795095281923,0
6.445605584990089,6.446139035102322,0.1149117836634026,6.446138063431919,0.18825849874440306,0.13234425291750015,0.8656761896979315,6.446108186158498,6.445960270417334,5.079295882979695,0
6.44538214709194,6.445983251955292,4.710775494418263,6.445960513638893,0.18825256063951287,0.2522496421123315,0.865752375865078,6.446044451416445,6.445913528718852,1.392818669094361,0
1.8957594179018369,1.8960034786858677,1.774485173796015,1.8959502351280153,0.055377257701932144,4.211115032535599,0.25461871987419094,1.8959374568894218,1.8959415971617486,0.5144917620807521,0
8.056590259177806,8.057532938337335,4.452203180906052,8.057564598273325,0.23531664235516844,0.2778602609328716,1.0820720311873835,8.057493731327222,8.057541679541336,1.3539444890637764,0
8.05643472375752,8.057336757392799,0.14363822541514634,8.057252613830567,0.235310133009413,0.16542601199945703,1.0820514141438147,8.057204912668968,8.057241376684582,4.810030760414772,0
6.445988856967517,6.447269106223998,0.11490825099873027,6.446793856657834,0.18825492164958804,0.13233242138687962,0.865822345733511,6.446058592096188,6.446119934303049,5.079247903562633,0
8.056883125834883,8.059946659579467,4.452151303056735,8.05764889594327,0.23533976049290772,0.2778446466861365,1.0822707156532874,8.057523422088252,8.057715944695314,1.353899085923581,0
8.05643472375752,8.057336757392799,0.14363822541514634,8.057252613830567,0.235310133009413,0.16542601199945703,1.0820514141438147,8.057204912668968,8.057241376684582,4.810030760414772,0
6.445570086034748,6.446100482717477,4.710690267795474,6.446151802752196,0.1882584658892553,0.25225498075173514,0.8656938755224046,6.446208988001907,6.446162736958337,1.3928669032140877,0
5.3710144859564215,5.371748639350091,4.88313359668729,5.3715408239331435,0.15687526149117184,0.23519350662689692,0.7213850430246923,5.371520527460409,5.3717263039310845,1.4187610375384763,0
10.742629747830886,10.743718364195061,0.191501815062593,10.74374423781135,0.31376185607328066,0.22055309618251767,1.4429319967675152,225.59420106024925,10.743396455533087,0.2568510547457846,0
8.056560139184041,8.059545378383879,3.045733590231609,8.057440238348823,0.23531716570353892,0.24113516017100742,11.678545746821484,8.057395585169687,8.057446736739028,0.9748254170247762,0
3.222791899406118,3.223068339367799,5.227841660084918,3.2231021174597907,0.09412766374578264,0.20106890823983528,0.4328490375937285,3.2230542355881697,3.223043257220141,1.4706123698748086,0
10.742828354112726,225.59237096238667,0.19150489327142378,10.74376771826071,0.313767098729171,0.22062245874013198,1.4428416586971964,10.743575897669725,10.74381903484012,0.2568691377524016,1
10.741899409712492,10.743071790218142,4.021419548804236,10.742965737613334,0.31374650979719476,0.3204759782788197,1.4427905551376032,10.742914220962936,10.742975614535759,1.28910500420821,0
3.222639921142917,3.222985495968648,0.057507463810182936,3.222970867940135,0.09412588440361427,0.06617204408862637,0.43287119237868626,3.222943570391495,3.222994109817678,5.6179072557972,0
2.3021109531377677,2.3022507515027573,0.04104022865829979,2.3022018989557864,0.06723326623300964,6.051864374972413,0.30917392879383987,2.302145906005931,2.30214799285178,0.05504389883877278,0
8.057029741001344,8.058087893279312,0.14365531472484339,8.057854137885467,0.23533082269459168,0.16543318818498726,1.082132034578178,8.057942377031814,8.058024834171437,4.809919383010941,0
6.445410253683896,6.446194777010105,0.11491287102288066,6.446074524141664,0.1882591430803757,0.13235404907960907,0.8656760387438164,6.446100890591711,6.446312986505112,5.079282593357486,0
6.445205388893494,6.445892123105195,4.710793764108666,6.445858374559178,0.18824940494144488,0.25224464211609,0.8656850740529779,6.445827406729568,6.446542806614104,1.3928200600177416,0
8.05658174890945,8.057446498882134,0.14365909679614705,8.057441267476825,0.23531459394643897,0.16542879448911457,1.0820698907219837,8.057330057800218,8.057554027477298,4.809989469913369,0
5.371374142087999,5.371839920943237,4.883098680242549,5.371917472996805,0.15688678841763623,0.23519087839939842,0.7214331023607398,5.371801177311217,5.371775013430185,1.4187542025851931,0
10.74235954929562,10.7442756588058,0.19158425333741555,10.743271405757302,0.3137538379024092,4.531352146442797,1.442976363133159,10.743232629705371,10.743224459243814,0.2568772619900873,0
8.05695357924695,8.059235761290042,0.1436848860054641,8.057768225649076,0.23532588147536612,0.1654425680773942,33.54201790356264,8.05774488232566,8.057761157483919,0.1926459419583069,0
8.05643472375752,8.057336757392799,0.14363822541514634,8.057252613830567,0.235310133009413,0.16542601199945703,1.0820514141438147,8.057204912668968,8.057241376684582,4.810030760414772,0
5.370993165918583,5.371548922408035,4.883143456033915,5.371512633811895,0.15687432654113448,0.23519475074633553,0.7213907088828393,5.37152568024131,5.371509611562471,1.4187607970185276,0
8.056538604775286,8.05739312644486,4.452209960720089,8.057357522965907,0.23531238533554882,0.2778640558007241,1.0820999610991313,8.057310469994757,8.057384329544046,1.3539485377916434,0
8.056478448844157,8.057747277983152,4.452231025260882,8.057311822390586,0.23531277356517358,0.2778513345570998,1.0820692393037918,8.057272861862378,8.057746399800385,1.3539374509759665,0
2.6858953077139773,2.686083776251357,0.04789044904917647,2.6860976464619433,0.0784460565021607,0.05515129864005671,0.36072959515430647,2.686085686886995,2.686123512611038,5.707670414830566,0
2.0143898929021917,2.0145348681284156,1.1744408535102762,2.014564894438791,0.0588391649995944,0.07106825439348635,0.2705550622946686,2.014558325542053,2.014526658228482,4.9066530180959385,0
6.445169137022637,6.446098823797747,4.710718205692982,6.445822007120795,0.1882502620399129,0.2522527402499911,0.8656498927414725,6.445817827179537,6.445890722016971,1.3928856030855765,0
4.603991734597411,4.604514613274961,0.08208713761022803,4.6044117417383,0.13447566468766853,0.09453042107586225,0.6184091239094316,4.604386300113915,4.604346907893876,5.387070540191232,0
8.056422531622069,8.057702304012036,4.452287566955302,8.057234666539353,0.23531083308458192,0.277830391421518,1.0820768302196049,8.057190271642531,8.057222656765678,1.3539286143969957,0
8.056538604775286,8.05739312644486,4.452209960720089,8.057357522965907,0.23531238533554882,0.2778640558007241,1.0820999610991313,8.057310469994757,8.057384329544046,1.3539485377916434,0
67.1174015223961,3.2242994731632812,4.0887078003724975,3.2234942308171406,0.09413526371540654,0.17135475659507776,0.4329468280653119,3.2232305288608685,3.2232639150730753,1.1635994312705822,0
8.05640989369856,8.057293504746763,0.1436381313320744,8.057240874434411,0.23530937600052348,0.16542556394048963,1.0820596240881586,8.057203613363324,8.057245295323337,4.810032062293338,0
3.580947534739244,3.5813826581776897,5.170340350382799,3.5813812881828375,0.10459357930375217,0.20676835086740872,0.48099994799767753,3.581368883180058,3.581245110447536,1.4619676583902073,0
6.445208274689464,6.445880572221085,0.11490703722292253,6.44584998121849,0.18824971750414227,0.1323389315182449,0.865652566032099,6.445856769093263,6.4459096550230575,5.079337543435533,0
8.056767709574649,8.05756293350991,0.14363091019726734,8.057584873440566,0.2353218744595022,5.015244987896829,1.082077377328946,8.05758687272115,8.057527254598476,0.19263187409988855,0
5.371380520954875,5.37182670702476,0.09579517428039724,5.371908951143913,0.15688477650712268,0.11028459348045623,0.7214361150762514,5.371783888919968,5.371930198625109,5.258801438727393,0
4.603755007806622,4.604218558656206,5.006249212262524,4.604212073994464,0.1344646346364562,0.2230077377044122,0.6183359041710969,4.604221903250391,4.60425271941188,1.437279571219639,0
6.447129511881781,6.445925242379049,0.11491415532720305,6.445904653137934,0.18828334834183258,0.13234490540735827,0.8657456729091553,6.445885801153125,6.445917506037907,5.0792517744136285,0
5.371083535439384,5.3718581160506735,4.883143426588833,5.371622483133731,0.15687840845448275,0.2351866533998781,0.7213963595992033,5.371592487042045,5.371633287194369,1.4187516853283006,0
10.741899409712492,10.743071790218142,4.021419548804236,10.742965737613334,0.31374650979719476,0.3204759782788197,1.4427905551376032,10.742914220962936,10.742975614535759,1.28910500420821,0
2.3020360616193267,2.302262343170505,5.375555562807557,2.302278350581594,0.06723724067809983,0.1864491031773351,0.30917840672186947,2.3022945534544017,2.3022540443984485,1.4928446999288212,0
6.445289758371884,6.446147982805639,4.710770873611949,6.4459515728980685,0.1882525604464338,0.2522550822129134,0.8656502481234931,6.445994159804679,6.446036099724985,1.3928290169911495,0
6.445206764721924,6.44615501126623,4.710745912674864,6.445926678993534,0.18825017262847982,0.25225942857963407,0.8656467648603096,6.445987880187039,6.445975158908514,1.3928495491547943,0
10.741935630347893,10.74315218130401,0.19150455681770157,10.743027581416627,0.313747325849578,0.22054914060184885,1.442736529455003,10.742945770963015,10.742961087097534,4.361205206201821,0
4.603711695853569,4.60420267371339,5.006254881618808,4.60416571324898,0.1344651593531289,0.22300578592187845,0.618325828328227,4.604146021761987,4.604295812053282,1.4372807556068563,0
8.056430532277265,8.057343048336445,1.8590963936521994,8.057260612139142,0.2353096870753116,0.21018850048103782,1.0821284860701006,8.05722585781271,8.057315823678358,3.4339904144720124,0
8.05649857093388,8.057399472957085,0.14364728624638343,8.057409372707843,0.2353112617654774,0.16541848933718023,1.0820647727977426,8.057472000339503,8.057419534521092,4.81001432330974,0
6.445479490181267,6.446151957638195,0.1149093748482691,6.446078706134329,0.18825455119719384,0.13234107497321201,0.8656694316668267,6.4461684464738225,6.446079064678733,5.079304199907709,0
6.445249225625978,6.445899268120831,4.71077249281552,6.445855579512618,0.1882516899975791,0.2522632594799111,0.8656741104994027,6.445848364444834,6.445897917957382,1.3928299321118798,0
4.603809553580027,4.604278498209591,3.9481973801781125,4.604273396319389,0.13447055373905717,0.1954012977470564,0.6183318504594,4.604287609283763,4.604262898715311,2.2859691705418568,0
8.056580684494623,8.05746167530272,0.1436264682557509,8.05742786893403,0.23531518452357372,0.16541314675473695,1.0820686364171224,8.057308918691861,8.057343865498975,4.810033926524084,0
16.114226025981374,16.115893725832873,0.2873747295907773,16.115699345823813,0.47067882300631675,0.33084584417604557,2.1642214005215994,16.115126850779344,16.115970199643073,3.4632349100741973,0
10.741879541667734,10.743067949405095,0.1915223764244898,10.743000632759388,0.31374580112094996,0.22058059426301352,1.4427520051102765,10.742943977837895,10.743018696871404,4.361162334251379,0
3.2229637256883663,3.223060063046939,0.05747336572199218,3.2230289246913144,0.09413372360238437,0.06616950599142497,39.38596391176865,3.222998346460418,3.223025665126739,0.07706408234873893,0
1.8957300159057942,1.8959524663910041,0.03380526661083477,1.8959385512213032,0.055370521050698604,0.03892364113122428,0.25461584419270306,1.8959371516768149,1.8959247547729643,5.839729014333036,0
8.05640989369856,8.057293504746763,0.1436381313320744,8.057240874434411,0.23530937600052348,0.16542556394048963,1.0820596240881586,8.057203613363324,8.057245295323337,4.810032062293338,0
2.3019856946056003,2.3022226931901515,0.0410370154237228,2.3022370527714586,0.06723591139119742,0.04726639251188539,0.30918836166223046,2.302212346593035,2.302212009960251,5.771835349287627,0
6.445236028111296,6.445890340663406,4.710797723359354,6.4458633473481735,0.18825207720866222,0.2522449972907735,0.865661573260354,6.445856581309341,6.445917527972048,1.392828980287995,0
2.30189480197228,2.302167578589052,5.375581040819746,2.302131901925622,0.06723320741009547,0.18644779281087798,0.3091659299380217,2.3021043289462786,2.3021124587395687,1.4928442016086338,0
4.604205542903491,280.8502461506745,0.08208303011912617,4.604316500132728,0.13446936582109426,0.09452651703784151,0.6183720489273415,4.60426772712203,4.604270582887888,0.11007683618900553,1
5.371240546867042,5.3720328157345785,4.88307347655197,5.371772780734727,0.15688584514778325,0.23519323817648502,0.7215577795243783,5.371908139515116,5.371754585878713,1.418754407353245,0
8.056449983507749,8.057304913722882,4.452249602641809,8.05724521079675,0.23531179092991664,0.27784942940402363,1.0820709441431917,8.057210196486318,8.057282390802063,1.3539455525795576,0
10.741996644435222,10.743180047922495,0.19152370711076386,10.74314686192245,0.31374941229986003,0.22058238489038473,1.4427425773442053,10.743068168330563,10.743102829813182,4.361147422573644,0
8.057164928564584,8.057780625782112,4.452186257692625,8.057652417477938,0.23532093410293622,0.2778525029596625,1.0821024743984253,8.05779511064496,8.057743392839551,1.35393089344338,0
8.056422002887794,8.057294467455952,0.1436403012979473,8.05723850445716,0.2353098711494199,0.1654259705244735,1.082055864975769,8.057244720255744,8.057245297721831,4.810029209574997,0
4.028482672139659,4.02886978286322,0.07181567121399501,4.028872263743914,0.11766187820165265,0.08271203133474384,0.5410470859914639,4.028926570936103,4.028792866241379,5.48328178468427,0
8.05650919845177,8.05737263426627,4.452224411293583,8.057325562796247,0.23531503954508878,0.2778528526327842,1.082072991065056,8.057314164464824,8.057385786996207,1.3539515372615585,0
2.929777968128111,2.930120408681843,0.052243586837936826,2.9301070726508445,0.08557336718575963,0.060154572805987544,0.3934999047698757,2.930127587481446,2.930113684194466,5.666894871769168,0
8.056481754651374,8.057349415857171,4.452277652979388,8.057255263964619,0.23530994991624532,0.2778390666531261,1.0821151062269256,8.057204279789477,8.05725110169055,1.3539275993607927,0
2.685558320872183,2.685852697765163,5.314014290143495,2.6858374266236966,0.078439103833609,0.1925410705169219,0.3606998656518351,2.6858194747485395,2.685851079071472,1.483588600709098,0
8.05815969591575,8.057543771089179,0.14362990479534898,8.057578100511162,7.294404151071612,0.16542037496699394,1.0821454615994075,8.057473821883667,8.05753657328751,0.19263610401560222,0
5.370954728023236,5.371542896866697,4.883128348002701,5.371496438041376,0.15687388754607337,0.2351836804511536,0.7213924681284635,5.371481262861015,5.37151713767908,1.4187849805074686,0
4.0282276922780955,4.0286534810612515,0.07181951996997195,4.028627904012879,0.11765629683401174,0.0827114584319484,0.5410300764218672,4.028634001900737,4.028630338617942,5.483307773605362,0
2.301938765284672,2.3023465438551383,5.375568422490388,2.302169013585036,0.06723599350244086,0.18644929258683912,0.3091916528134245,2.3021830538535193,2.302179929202548,1.4928393402384834,0
10.741956335432377,10.743085949859829,4.021323666999217,10.7430060755354,0.31375011411757825,0.32051756133505904,1.4427663828678943,10.742968936397135,10.743095278227539,1.2891355634073454,0
6.445241074429584,6.445931674306479,4.710805446202423,6.445839403807582,0.1882504389891879,0.25224431554169063,0.8656673222050494,6.445807895280633,6.445873158202652,1.3928252292919634,0
8.056756741879015,249.77199683021337,0.14362518316668874,8.05768578155852,0.23532023766322654,0.16541607692683724,1.0820890308830349,8.057668661922234,8.057543734149062,0.19263108500180307,1
10.742165663132027,10.744199006519828,0.19153221506843834,10.74319632795172,0.31375248597521704,4.531396011835534,1.4427674242842112,10.743172262397415,10.743258806064114,0.25691365229403323,0
8.056453593966967,8.05731803718325,0.14363866732384523,8.057267583172784,0.2353104552012193,0.16542654895586315,1.0820550041573405,8.05722930183719,8.057334646247067,4.8100266478240945,0
3.5806744274640443,3.5811211879848472,5.170388598836425,3.5810319142309126,0.10458290244334088,0.20676775238554965,0.48092676467442647,3.581013544660874,3.5810417920576776,1.4619756770218142,0
5.371185779391283,5.371696787582679,0.0957552883048957,5.371774719704115,0.15688072546654974,0.11028331710150638,0.7213913270998968,5.371676363058961,5.371656964730405,5.2588587176111945,0
6.445146984384234,6.445873186529644,1.2307631748371313,6.445798641193266,0.1882478418914298,0.16145317942885573,0.865705948986292,6.445778266778102,6.445846851488306,4.184272146373304,0
2.685709502929826,2.6859939802543176,0.04787688113248906,2.6859856186929028,0.0784447077673071,0.0551409613684717,0.3607202740597564,2.686037899757346,2.6859932601210317,5.707703817101349,0
10.741879541667734,10.743067949405095,0.1915223764244898,10.743000632759388,0.31374580112094996,0.22058059426301352,1.4427520051102765,10.742943977837895,10.743018696871404,4.361162334251379,0
4.02841469990554,4.028855125355339,5.098552396328772,4.028811532768542,0.11767192207586184,0.21387232042006882,0.5410670404115561,4.028817683091207,4.0288318736075475,1.451164162877697,0
10.742509658744535,10.743473169515763,0.1915070979975292,10.743610253828791,0.3137680585493805,0.22055495669545375,1.4427975254023595,10.74349945956101,10.74356064938822,4.361125196770467,0
10.749330006492288,10.743401723274758,0.19154976476809868,10.743399326048452,0.31387942333980334,0.22060751578735752,1.443106221890717,10.743401358510884,10.74349199959851,4.3608035177160565,0
8.056716491421541,8.05755166658345,4.452217683987806,8.057512105323365,0.23531964696803948,0.27784579868820314,1.082113917452516,8.057393475801781,8.057533187362788,1.3539393723759512,0
4.603746353046881,4.604283118612855,5.006255233910023,4.604223438446507,0.13446564334986794,0.22300188567418255,0.6183323123565772,4.604193933179443,4.604202519100211,1.4372805215684716,0
3.222708369223582,3.223100129396532,5.22781349235036,3.22306269741921,0.09412898086731963,0.20107538094746372,0.43288150620487137,3.223004376576446,3.2230424645900584,1.470625331104796,0
2.9297947839214378,2.9301428053034475,5.274836128902344,2.930124813815664,0.08557300619642673,0.1964171029169942,0.39349448785693203,2.930138796685532,2.93014144158672,1.4776870538004854,0
5.3710321796691955,5.371613681240483,4.8831177906542385,5.37159234660686,0.15687849799268527,0.2351981641233581,0.7213778096622168,5.371616861044634,5.371628190737098,1.4187690908762365,0
10.74253379043858,10.74360628368784,0.19155044972941657,10.743776129828161,0.313770882210972,0.22058659811660944,1.4427896847106012,10.743544691369074,10.743359802517848,4.361057443515238,0
8.05640989369856,8.057293504746763,0.1436381313320744,8.057240874434411,0.23530937600052348,0.16542556394048963,1.0820596240881586,8.057203613363324,8.057245295323337,4.810032062293338,0
10.741962894173373,10.743205372416732,0.19153433838710177,10.743896628151683,0.31374767339210335,4.5314363686259025,1.44273753563356,10.742999689536076,10.743099585814386,0.25689679415263483,0
8.056422002887794,8.057294467455952,0.1436403012979473,8.05723850445716,0.2353098711494199,0.1654259705244735,1.082055864975769,8.057244720255744,8.057245297721831,4.810029209574997,0
5.371081487046663,5.371643500919113,4.883127374660098,5.371605180252096,0.15687569764168094,0.23519242120913658,0.7213795282131121,5.371640379647969,5.3716290061292495,1.4187664745740343,0
8.05640989369856,8.057293504746763,0.1436381313320744,8.057240874434411,0.23530937600052348,0.16542556394048963,1.0820596240881586,8.057203613363324,8.057245295323337,4.810032062293338,0
6.445326811656257,6.445975314334025,4.710763363541803,6.445891535436615,0.18825764704903938,0.2522570004340397,0.8656930335353394,6.446087016061712,6.445993968713962,1.392826383515189,0
2.6855639496968435,2.685893128807678,5.314017976649361,2.685832307319225,0.07843905311950518,0.19254125025862606,0.3606975467218714,2.6858271714319044,2.685835915409644,1.4835852876787916,0
8.056518472878922,8.057355738289033,2.1903822629908523,8.057288566269118,0.23531316367549118,0.21883431513813248,1.0820567897542626,8.057301682266074,8.057448845782606,3.16825486200333,0
2.68569798028366,2.6860563758279365,0.04788381956349861,2.685965751583433,0.07844240286405497,0.05514192090120977,0.3607140272065134,2.6859987112355834,2.685967035596897,5.70770056389947,0
5.37097673605615,5.371555771410083,4.883109853359301,5.371516247048407,0.15687438511831342,0.23519131820510022,0.7213839990530914,5.371541945242357,5.371540282401746,1.4187903176439143,0
8.05640989369856,8.057293504746763,0.1436381313320744,8.057240874434411,0.23530937600052348,0.16542556394048963,1.0820596240881586,8.057203613363324,8.057245295323337,4.810032062293338,0
8.056642939047741,8.057461712515066,0.1436660749749915,8.057441234929609,0.23532435835191945,0.16542046357970275,1.082080977717565,8.057558669158881,8.057483985880133,4.809979525350649,0
8.056510138914518,8.057387526864698,1.8716289783150937,8.057309379361316,0.23531165436600265,0.21051684949676602,1.0821195542658424,8.05727265626103,8.057478555417172,3.4239290137079483,0
4.028342093745861,4.028833737460029,0.07182558473720162,4.02877740253847,0.11765804621355659,5.740863324932586,0.5410881159976527,4.028728892628591,4.028723076370598,0.09632930621600483,0
8.05640989369856,8.057293504746763,0.1436381313320744,8.057240874434411,0.23530937600052348,0.16542556394048963,1.0820596240881586,8.057203613363324,8.057245295323337,4.810032062293338,0
8.056630833113717,8.057390944020838,4.452220698794852,8.057400392694404,0.2353139995076672,0.2778504572352833,1.0820871168359663,8.05738013459572,8.057549467841081,1.3539468845212534,0
2.301935770354755,2.302192110697964,5.375577685471242,2.302167022912413,0.06723382831485906,0.18644798636066967,0.3091703608595321,2.302142769709472,2.3021511085957376,1.4928421941425518,0
6.445146519968363,6.445857590839437,4.710724215871852,6.445803508290597,0.1882490565490351,0.2522524983843821,0.8656650387946034,6.4457936355224295,6.44585630960125,1.3928863089176022,0
3.5809063783408384,3.5813466970184487,5.170374538769208,3.581247357694208,0.10458935746418357,0.2067566703471316,0.48095295140994215,3.581291268281707,3.5812874211780152,1.4619663572939976,0
8.056418488916618,8.05770766227372,4.452246560339431,8.057235368403132,0.2353106920464622,0.27784944072314943,1.0820721324692595,8.057201854494563,8.057262985925037,1.3539420825125505,0
8.056549433770455,8.057371965208366,0.14363994853907,8.057332321766493,0.23531344148970074,0.165430208548694,1.0820637310236811,8.057366714499462,8.057452453507855,4.8100099998275265,0
8.05658174890945,8.057446498882134,0.14365909679614705,8.057441267476825,0.23531459394643897,0.16542879448911457,1.0820698907219837,8.057330057800218,8.057554027477298,4.809989469913369,0
6.445152334273108,6.446077083131274,4.710787776951501,6.445793481020639,0.18824916768334862,0.25225394819993063,0.8656607929670534,6.445764602918372,6.44580984655392,1.3928333841481793,0
16.11286054228503,16.118848807823678,3.1596005830094382,16.114552859693898,0.4706290651518643,0.4057698089931265,2.1641073547923915,16.114433201992178,16.114462164681044,1.159428370674096,0
8.056912325326218,8.059232510640879,4.452210474073805,8.05757993313666,0.23532513649522868,0.27783439400604104,1.0821096162558317,8.057511132546571,8.057638822407528,1.3539114447257254,0
8.056649000755318,249.76906233311627,0.14366121640483126,8.0574897423564,0.23531831600500136,0.16541661568013413,1.0823317004073325,8.057409756199313,8.057467952782392,0.19263755557604081,1
280.8210809228311,4.604400842888006,0.0820731023562984,4.604309360832139,0.13447238415006932,0.09452422316679356,0.6183471919263066,4.604252983916131,4.604283902176476,0.110075133453473,2
10.741882230790674,10.743058463066912,0.19150446454279985,10.743002267260502,0.3137456930973106,0.22054837125008028,1.4427550922654762,10.742942982680063,10.742969561642756,4.361207623315679,0
8.056418488916618,8.05770766227372,4.452246560339431,8.057235368403132,0.2353106920464622,0.27784944072314943,1.0820721324692595,8.057201854494563,8.057262985925037,1.3539420825125505,0
4.6036674220861205,4.604172540639929,5.006248216969674,4.60412890224623,0.13446277583370775,0.22300972961674562,0.6183287362438693,4.604110847475995,4.6041485976984315,1.4372889355171365,0
6.445303469691685,6.4459813173942955,4.710743815639992,6.445941900365845,0.18825061186117012,0.2522853207506881,0.8656752295499228,6.445902303051041,6.445964902492599,1.3928252021932122,0
6.445183877473863,6.445884614137386,4.710785112886741,6.445817782925031,0.18825010856869318,0.2522564869451035,0.8656689415993235,6.44579930499997,6.445831902653288,1.3928327888742378,0
10.741965947615721,10.743096392183583,4.021393657100836,10.742985014703134,0.3137458547345318,0.32049173671302217,1.4428682447161734,10.74293848333917,10.742966627214233,1.2890971028691334,0
8.05640989369856,8.057293504746763,0.1436381313320744,8.057240874434411,0.23530937600052348,0.16542556394048963,1.0820596240881586,8.057203613363324,8.057245295323337,4.810032062293338,0
8.05649879986755,8.05773848978241,4.452279787448968,8.057284177266018,0.2353180975664288,0.277830826633764,1.0820516143013312,8.057255924614068,8.057302690859208,1.353927204978262,0
10.741960401911927,10.743098311442383,4.021306568708118,10.743001570688728,0.3137470090418313,0.32053646565307226,1.4428227474737578,10.742966279126662,10.743051631110866,1.2891255257916236,0
10.742134198780485,10.743125459687915,4.021390662597718,10.743095137062667,0.3137540116863744,0.3204776103542357,1.4427850562359767,10.74309559556476,10.743265328639877,1.2891047967680433,0
4.603899376913707,4.60437067076045,5.006214239674631,4.60431889357347,0.13446706502951145,0.22300861991090665,0.6183367009323535,4.604394694033948,4.604385151198759,1.437290677113532,0
6.445535756325066,6.446105909865764,0.11494606143886035,6.4462592638501555,0.18826140268771657,0.13234322772771567,0.865674637656225,6.446139533849039,6.446318649324616,5.079260743207818,0
4.0283701928939655,4.028879854145885,5.0985750041297475,4.028759772679869,0.11766024750149874,0.213864596229496,0.5410540385596709,4.028783964549678,4.028749482184467,1.4511670144467341,0
