topic_0,topic_1,topic_2,topic_3,topic_4,topic_5,topic_6,topic_7,topic_8,topic_9
0.011111763258177237,0.01111366419561161,0.011115272038537845,0.011111924469327213,0.011112129165799924,0.011112471784526914,0.8999805026750541,0.01111197203938156,0.011112146199130845,0.011118154174452709
0.020000050178164613,0.020000077944839142,0.02000158957149594,0.020000100770211544,0.020000109561923704,0.02000132325802098,0.02000029017981816,0.020000176280404024,0.020000184103968543,0.8199960981511534
0.0034490612706143666,0.0034492457802427173,0.243012941570121,0.003448734748888366,0.0034489057110844174,0.0034490083312566987,0.0034492973526017725,0.0034487650725927273,0.003448776451880313,0.7293952637107176
0.014287710573976386,0.014287330980387569,0.014292235581478633,0.014287481848718175,0.014288115587506868,0.014287744755372951,0.014287438986055688,0.01428994354374584,0.014287780570097294,0.8714042175726606
0.016667690112810378,0.016667481897190164,0.016671553242856036,0.016667554858553587,0.016667387801229415,0.016668513359859524,0.8499858073866159,0.01666926941506607,0.016667585672728687,0.0166671562530904
0.025003443726086132,0.0250021981091189,0.7749566431016818,0.025003005476677914,0.025002357852545537,0.025003213636944573,0.025005340897320393,0.02500270702494484,0.025003195982133963,0.025017894192546082
0.02500003712849327,0.025000093894822783,0.02500266968382682,0.025000114414029943,0.025000116990790938,0.025002247827128374,0.025000353639865823,0.025000130063480938,0.025000255218883424,0.7749939811386777
0.004545707172433918,0.0045457012047779785,0.004546191918014972,0.004545700404501167,0.004545685653826482,0.004547898245555215,0.9590860505283657,0.004545690969625985,0.004545688664458341,0.004545685238440296
0.02000062772098767,0.020000808968846366,0.02001623942841231,0.020000592820393726,0.020000610843810853,0.02000315479876207,0.020000735969745175,0.020000577898148218,0.020001022573237125,0.8199756289776565
0.05000500781305095,0.050004482893787824,0.05000138847788402,0.5499676170121202,0.050003506794734524,0.05000331102821022,0.050003669387663575,0.050005275697182015,0.05000493253163475,0.050000808363731976
0.0200011333743946,0.020001216124699916,0.02000253002458003,0.020000877364778073,0.020001119981179417,0.020002192652550176,0.020001072873913936,0.02000120321665015,0.020001327308728997,0.8199873270785247
0.008333429786275348,0.00833341373655121,0.9249961675331638,0.00833340328535072,0.008333456400302293,0.00833404272142614,0.008333581158676289,0.008333425156608473,0.008333517307861665,0.008335562913783937
0.020000127647227674,0.020000127818525188,0.02000245108729074,0.02000019147993915,0.020000166510882163,0.020001858674617547,0.020000207446398823,0.02000037180070021,0.020000362667884308,0.8199941348665343
0.016667825196702128,0.016667940373106902,0.016668209467433075,0.01666802459478121,0.016667815225618412,0.016667192079203315,0.016667391532086493,0.016670506620311984,0.016667828971437794,0.8499872659393186
0.016666778880732144,0.016666820456668275,0.8499978692024092,0.01666676670589778,0.016666874900576955,0.0166670014616751,0.016667340714859213,0.016666787995417435,0.016666831405142937,0.016666928276621036
0.020001874382047594,0.020001552366523907,0.020002010489749634,0.02000138673998252,0.020001931859706164,0.020002205918395948,0.020001305994922263,0.02000142415505421,0.0200014925752899,0.8199848155183278
0.004762068437318212,0.004762045461106767,0.0047633269676322625,0.004762076724731128,0.004762096729706566,0.00476251059993251,0.004762307617283088,0.0047621264360628605,0.004762091995326465,0.9571393490309001
0.025001684016648554,0.02501295431147445,0.02501017082064155,0.025002058963609228,0.025004963884367678,0.7749544974450242,0.025007187664410742,0.025001747507728673,0.025002093380366925,0.025002642005728066
0.016667521693285156,0.016667288534781288,0.8499855819328586,0.01666749598091489,0.01667005864888012,0.01666979085851659,0.01666776981553444,0.016667930701727108,0.0166676645342814,0.016668897299220567
0.050003487046205886,0.050001780989792584,0.05000128868030635,0.05000256234454762,0.05000229688698589,0.050001455787230906,0.05001586649372017,0.549966385767276,0.0500017870607959,0.050003088943138665
0.0025641861209291855,0.002564207657345836,0.9769212783669333,0.002564223004162624,0.002564295331901335,0.0025644234118886965,0.0025643446997087494,0.0025642207906311824,0.0025642187356727042,0.002564601880826249
0.00200002059828046,0.002000020951259639,0.002000274356086058,0.002000046804072183,0.0020000258796626794,0.9819989805198356,0.00200008071791245,0.0020000218912677482,0.0020000335050552372,0.0020004947765678784
0.02500304307146669,0.025001867582338248,0.7749740951224906,0.0250034492912664,0.025003226522452206,0.025001641073678634,0.025003896790313302,0.025003867732670753,0.025003066875659927,0.025001845937663133
0.01428643691197656,0.8714216545349994,0.014287701104564135,0.014286446334105866,0.014286437675801011,0.014286301132432544,0.01428625461060741,0.014286492422243361,0.014286340866077708,0.014285934407191937
0.0076928668333439846,0.007692841923066157,0.381962477269884,0.007692965800348976,0.007692910719235708,0.5564904799126577,0.0076933212986641086,0.007692934585538607,0.007693243489169162,0.007695958168091624
0.01666792225699018,0.016667933374413267,0.1446862638117516,0.01666792056742192,0.01666794034560555,0.016668880855308987,0.01666972077716053,0.016668228002433026,0.016668977483649407,0.7219662125252655
0.012500340672527149,0.012500321862797243,0.8874925494401674,0.012500323758767218,0.012501073450072087,0.012501508316564271,0.012500642456031486,0.01250045430738684,0.012500739569387843,0.012502046166298348
0.012500882764062991,0.012501381586460612,0.012501303332545462,0.012500915079354842,0.012500926850052012,0.01250121421742302,0.01250071577632199,0.012501016858464569,0.012500994432208581,0.8874906491031059
0.0020408965929399133,0.0020408343711149322,0.002041099737196098,0.0020408371897345247,0.0020408783772744164,0.9816315058906129,0.002040888237726933,0.0020408413425142004,0.0020408529937129163,0.0020413652671732183
0.020000276361320773,0.020000450342167377,0.8199891975284375,0.02000038948443544,0.020000343524075297,0.02000208223170062,0.02000112335219327,0.020000577560337865,0.02000082616454628,0.020004733450785548
0.03333363588872243,0.03333373068864216,0.6999953960062919,0.03333359692743179,0.03333375124840376,0.03333401588326526,0.03333400547687544,0.03333349688424077,0.03333380735253111,0.03333456364359526
0.011112077121194455,0.011112224575115088,0.011113851970083102,0.01111249147937069,0.011113368051491069,0.011112904891425225,0.011113033414734337,0.01111235135177398,0.01111218403231586,0.8999855131124962
0.00769341041250005,0.007693159882904813,0.3593618590650307,0.007693292258981442,0.007693303347510124,0.007693418778731631,0.007694737070541974,0.007695404285772919,0.007693249198752677,0.5790881656992737
0.549955673571866,0.05000111801260407,0.050004931337911264,0.050001382515090925,0.050014564216557554,0.050004398361329395,0.050008691788395725,0.050001521476637834,0.05000160498946606,0.050006113730141126
0.033333963168566696,0.03333423092760677,0.6999892343038427,0.03333392199421182,0.03333417073511836,0.03333392397810527,0.03333627291174527,0.03333407675522351,0.03333511315756213,0.033335092068017456
0.025000402640119112,0.025000213815560304,0.025002629139694508,0.025000269063402185,0.025000991040531932,0.025000245442484803,0.02500052241438862,0.025000660887240563,0.025000378200218814,0.7749936873563592
0.003125282940177765,0.003125369112364648,0.003126537589375183,0.003125310660405248,0.003125296140501666,0.003127532104578889,0.003125554753361074,0.0031252822422509685,0.0031253264980484565,0.9718685079589361
0.010000694047531667,0.010001709859160521,0.17309223672753654,0.010000736365074793,0.7468994800212532,0.010000710395788842,0.010001895362075682,0.010000715068545843,0.010000808345162895,0.010001013807869927
0.025001977957830903,0.02500137347546762,0.02500301301081895,0.025001843017838005,0.025001950041255286,0.0250032087084775,0.025001056039147866,0.025001704696022472,0.025001771436327494,0.7749821016168139
0.016667888242097282,0.01666776074173051,0.8499844448574753,0.016667816157576048,0.016669175963017497,0.016668758035116353,0.016667724973346117,0.016669143171683436,0.016668478601237435,0.0166688092567199
0.01428602876425808,0.014285951476052411,0.014287044156799399,0.014286008898086046,0.014285991111957295,0.014287048612036557,0.014285962620610994,0.014286058297336823,0.014286027065702638,0.8714238789971598
0.025000114179239696,0.025000228098722824,0.02500268606059216,0.02500015083918486,0.025000197418146287,0.025002316736424255,0.025000163953911938,0.025000134095004983,0.025000243060017035,0.774993765558756
0.012500669485437724,0.012504088469320399,0.32248574433059524,0.012500621454822239,0.01250069839145147,0.01250132289418083,0.012501881300848762,0.0125007275678897,0.012501390116207989,0.5775028559892457
0.020000618650767393,0.02000054336953268,0.8199872338997634,0.020000683854018573,0.020000713691220764,0.020003752757480817,0.020001324833684497,0.020000567363944472,0.02000145541404265,0.020003106165544758
0.02500139904073112,0.025013133216825564,0.025004232988717578,0.02500140295493194,0.025001408051273856,0.7749666765299975,0.02500260458392935,0.025001488792900886,0.025001692316059036,0.025005961524632962
0.02000055585316715,0.020000711695447714,0.02000170140676736,0.020000805210137154,0.020000441185950468,0.020001759800450103,0.020000356324169483,0.020000614031793956,0.020000650797904,0.8199924036942126
0.025002041936442714,0.025001597861850793,0.774984706797902,0.025001575615444558,0.025002482568097843,0.025001254247600205,0.025002075661452138,0.025001088196620207,0.02500220633934025,0.025000970775249334
0.02500020386473304,0.025000272472773206,0.025002212139724398,0.025000367924673066,0.02500026937295787,0.025002597395944917,0.025000415277465094,0.025000315547367914,0.02500037895274729,0.7749929670516132
0.020000866727685928,0.020000617337243693,0.8199887444278289,0.02000073235854433,0.020000602733101506,0.02000253044605,0.02000080971345969,0.02000117041809905,0.02000088377121905,0.02000304206676762
0.025000315902575086,0.0250002166783354,0.7749965361824578,0.025000223173744736,0.02500096659307885,0.02500016604902665,0.025000292566825563,0.025000275099529755,0.025000445676674008,0.02500056207775217
0.01666807903127642,0.016667898974477287,0.8499787265400782,0.016667580616275553,0.01666778555647355,0.01666744237177277,0.01666772984470821,0.0166680262987212,0.01666769964599984,0.016679031120217097
0.0500043531704532,0.050003138183767094,0.050001570624943766,0.05000616016664595,0.05000393070642621,0.050005138876702104,0.05000348498059154,0.05000428707757125,0.5499627026024303,0.05000523361046859
0.02000071294570393,0.020000579523852896,0.21710374686183373,0.020000797575404808,0.020000630301302703,0.020001327609985547,0.020000516430946014,0.02000180445481048,0.02000083288430092,0.6228890514118589
0.014287259115348835,0.014286957065419782,0.502246016479439,0.014287291570773639,0.014287165627713865,0.014287630893515403,0.3834560355209276,0.014287337067538802,0.014287056201824818,0.014287250457498218
0.050003526980084034,0.05000470631259699,0.050002777507935324,0.05000682283478045,0.050005505538300105,0.050002433597563206,0.05000366073450849,0.0500053215995963,0.050003850467890264,0.5499613944267447
0.05000387595475953,0.549979496743041,0.05000210888851207,0.05000269209415879,0.0500015917738428,0.050001987199020485,0.050002237296062665,0.05000326413185563,0.05000200668153844,0.050000739237208575
0.02500252312357157,0.02500186542673262,0.025004420308692748,0.025003589092062017,0.02500230670527939,0.025005917080623583,0.025002034793057827,0.025002758086519698,0.02501303134406994,0.7749615540393906
0.005000571121569771,0.0050004157994717685,0.005001088690634139,0.005000385326942078,0.005000479981174607,0.005000516157223586,0.8543999732315347,0.0050003493672863015,0.00500036453145502,0.10559585579270804
0.016667015757826517,0.016667174422997293,0.01667802419102011,0.016667005854526237,0.016667027887836642,0.016669177803350206,0.016667252433251005,0.016666884112658747,0.016667267622685205,0.849983169913848
0.020000059478953055,0.020000090675253723,0.8199982421936552,0.020000045345641898,0.020000122933784257,0.02000005576705192,0.02000080973079096,0.02000005353592282,0.020000153368385797,0.020000366970560367
0.020002429855859725,0.020002186252707072,0.8199786032931461,0.0200023208265193,0.02000292902034335,0.02000205761537117,0.020002293258514384,0.02000257000334932,0.0200033111322552,0.02000129874193448
0.020000806660254902,0.020000797117980165,0.020005477072891402,0.020001686665864424,0.020000756721865357,0.8199763141936159,0.020001895822024267,0.02000121760336644,0.020001307927060865,0.02000974021507621
0.014286225405622655,0.014286036591690166,0.8714235076990464,0.014286084893438855,0.014286183410125233,0.01428614711158267,0.014286853936852844,0.014286274057395382,0.01428620260977403,0.014286484284471714
0.020000437773562325,0.02000040606095748,0.020003651017466196,0.020000546530057138,0.020000463624630007,0.020002151384814735,0.020000356526470465,0.020000875375779752,0.020000909488023296,0.8199902022182386
0.05000095340230363,0.05000038830057059,0.5499862869368125,0.05000052140927601,0.05000172140454339,0.05000073479680138,0.050003341499676696,0.050000515889449294,0.05000092823884108,0.05000460812172537
0.007143210887584104,0.007143408158779667,0.23811674057736418,0.007143209771154938,0.007143222960536924,0.13691655868965844,0.5749622581402498,0.007143592952624406,0.007143262868243145,0.007144534993804439
0.01666676848111459,0.01666678012263531,0.8499886719729114,0.016666772834018802,0.0166669152471495,0.016667987189126966,0.01666725198787653,0.01666682112488354,0.016666965182098155,0.016675065858185113
0.005882984730785912,0.005882935441370244,0.9470514945108669,0.005883025039201868,0.005883035456325275,0.005883648116612695,0.0058838604778697155,0.0058830947401638115,0.0058830258251623396,0.005882895661641272
0.012500692144205069,0.012501008762096795,0.8874853667150107,0.0125010652611896,0.012501117243191561,0.012503555594269116,0.012502240936771705,0.012500840019630128,0.012500863095450959,0.012503250228184498
0.014286657155581863,0.014286577694746004,0.8714169560454987,0.0142869270206847,0.014286589115400563,0.014288339719300025,0.014287135680831134,0.014286689384383804,0.01428663614036858,0.014287492043204592
0.02500034314118555,0.025000269181296584,0.7749869680936993,0.025000343395431675,0.02500052266974019,0.025003605881219977,0.02500088979617193,0.025000366647052016,0.02500187289694998,0.02500481829725273
0.020000273318181785,0.02000021142643185,0.8199926626503766,0.020000219739014224,0.02000025173967999,0.02000210642092279,0.020000469263018746,0.020000606995382975,0.020000302131073365,0.02000289631591767
0.025000647037316026,0.025000542245644977,0.7749930787131429,0.025000440471876478,0.025000959604716655,0.0250005571440316,0.025000778023625707,0.025001345384724195,0.02500064640754374,0.025001004967377737
0.014286753122125673,0.01428730016101533,0.32031616778389055,0.014286927483309352,0.01428674405401963,0.01428844263031922,0.5653864535804867,0.01428699619548552,0.01428801740294427,0.014286197586403737
0.050000223159264105,0.05000024447576024,0.549995186534011,0.05000024328374825,0.05000071316101246,0.05000015385826729,0.05000143966133881,0.05000020147486909,0.05000051997422791,0.05000107441750079
0.050001467852711964,0.05000162410991873,0.05000152011358111,0.05000232942373209,0.05000161209554603,0.05000242502808317,0.05000106883804502,0.05000185337273642,0.05000149393320877,0.5499846052324366
0.02000130819777027,0.020001492980474378,0.020009981461149105,0.020001088308572244,0.02000127701776644,0.02000226531208701,0.02000375212231588,0.020001534282091338,0.020002738464843586,0.8199745618529298
0.008334007008248817,0.008334003095048505,0.008334160100831264,0.9249902122377615,0.008333869737966373,0.00833627797675443,0.008335109101985852,0.008333799386030278,0.008333814468969627,0.008334746886403333
0.01250093521837883,0.012500792587537925,0.8874898729046014,0.012500687338185127,0.012500953980187567,0.012502002975706765,0.012500776748370624,0.012500667853549698,0.012501208256822625,0.01250210213665956
0.010000858117823886,0.010001066447706137,0.010006464389870936,0.01000104201023327,0.010000949941671812,0.010001102368983064,0.010001734087631694,0.01000103590515045,0.010001150129404878,0.9099845966015239
0.02500083145191291,0.02500049422135562,0.025007945362198674,0.02500074801930325,0.025000384479598656,0.774983462945336,0.02500279163322593,0.025000691147462856,0.025000465415519316,0.025002185324086733
0.020001966748669497,0.020001948026252603,0.8199826719718918,0.020002019466751498,0.02000178419988967,0.020001767187241896,0.020001519118750158,0.020001689238561188,0.020002514138467306,0.02000211990352437
0.025000186155234912,0.02500018677580543,0.7749901166101658,0.025000123417473034,0.025000252361486498,0.025003217701643446,0.025000628355510965,0.02500021532944342,0.025000521363262165,0.025004551929974316
0.016667553423311113,0.016667263411716367,0.8499872569622949,0.016667442361156533,0.01666744904562262,0.016669020895304906,0.01666723415714098,0.016668327205113073,0.016667622866371516,0.016670829671967886
0.03333346256378274,0.033333495820393334,0.033338338021456616,0.03333350984204811,0.03333359875308457,0.03333863626825375,0.033333753338812104,0.033333798807941115,0.03333375118823286,0.6999876553959948
0.016666711353873896,0.01666674501107249,0.8499951729807905,0.016666708645368743,0.016666775057598046,0.016667896055064503,0.01666722194736904,0.016666724801159896,0.016666838883504138,0.01666920526419862
0.014288493265505985,0.01428840124514563,0.8714033168633455,0.014288695226234709,0.014288270941405766,0.014289274405909446,0.014288466715393593,0.01428910478413266,0.014288391160469512,0.014287585392457036
0.03333370202036625,0.03333362720311144,0.6999949891700336,0.033333528804268146,0.03333371833373417,0.03333352130261679,0.0333348767657272,0.033333665865900246,0.033334070034572234,0.03333430049966999
0.011112907630521458,0.011112424031015146,0.899981832018266,0.011112696392091389,0.011115221199486448,0.011113193495189333,0.011112512943364974,0.011112441310505691,0.011112621967334757,0.011114149012224893
0.020002580965786894,0.02000159321471474,0.020007066780826543,0.020001851882264735,0.02000214757214986,0.02000255095700218,0.02000178810941584,0.020002415212316518,0.02000278304021493,0.8199752222653077
0.014285734072764112,0.014285764325400017,0.0142870376620354,0.014285775260615873,0.01428577663399579,0.014286897097504182,0.014285902748678862,0.014285783600749034,0.014285850299527858,0.8714254782987289
0.009091323858217707,0.009091444759392678,0.0090916687281969,0.009091523351445675,0.009091498846054676,0.009091739182083164,0.009092095090375498,0.009091501828494344,0.00909173293234114,0.9181754714233983
0.010000084103053808,0.010000170662542524,0.01000728677602964,0.010000068424032917,0.010000098528280878,0.010000879409606367,0.010001032609130125,0.010000083598573647,0.010000208494910547,0.9099900873938395
0.01250095512616118,0.012501004382347103,0.012504967769422566,0.012501215010665454,0.012502048582565319,0.012501163207946383,0.012500826819450238,0.012501321021642024,0.01250134937862064,0.8874851487011791
0.0333333818555513,0.03333348937771256,0.03333774026711925,0.03333352560194297,0.03333348575696247,0.033338348312546215,0.0333339397750634,0.033333524830524326,0.033333751102118274,0.6999888131204592
0.016667734060443178,0.016668374096250046,0.8499821522013715,0.016668527587433448,0.01666861997055199,0.016667845409635097,0.016668508504834128,0.016668995907645656,0.01666869434411256,0.016670547917722444
0.03333781264493858,0.03333685741769544,0.033335348451864553,0.03333843070026158,0.0333397895784145,0.03333543328751819,0.0333367079614669,0.0333374926436273,0.03333836222008908,0.699963765094124
0.02500039868698372,0.025000227524945517,0.02500398500098841,0.02500026675927684,0.025000996122901402,0.025002377442516894,0.02500049931266581,0.025000662274430218,0.02500044936468362,0.7749901375106075
0.020002018687296407,0.020002432367875477,0.23181277044804463,0.02000193064241272,0.020001728662293335,0.020002755064665593,0.02000704679734666,0.020002241958505643,0.020002715487760416,0.6081643598837992
0.007692859576629436,0.007693117846752401,0.5092559446740477,0.007692881265993624,0.42920093014064636,0.007692832686701188,0.007692761861687428,0.007692904258606698,0.007692909990877323,0.007692857698058015
0.005883542087079261,0.00588290160758075,0.4291200974563177,0.005883102404799877,0.005883152943353082,0.005883223223481645,0.005885075116797468,0.005882909959870354,0.00588300303380738,0.5238129921669124
0.014287492374850868,0.014287042593225049,0.014287072573312864,0.014287213848006656,0.014287150555625109,0.014288172706070933,0.014286655728525471,0.014287232104658059,0.014286866757627966,0.871415100758097
0.025000172735835387,0.025000170013834127,0.025002762982347725,0.025000197286259483,0.025000231648966104,0.025002397989615423,0.025000246899071075,0.02500020977043866,0.025000532459530253,0.7749930782141018
0.03333354734844882,0.03333377765467147,0.033337762032914935,0.0333336038761108,0.033333658523105936,0.03333869095510827,0.03333353250847367,0.03333353352939807,0.03333372507825362,0.6999881684935144
0.016666917040581538,0.016667055543651506,0.543616610007519,0.016668017031758565,0.01666686270654524,0.32304593249579217,0.016667554501882228,0.016666853058253387,0.01666699181680865,0.01666720579720788
0.00769253011007104,0.007692514186417806,0.9307629118330317,0.007692466451644606,0.007692521644181887,0.007693191930205533,0.007692640712692851,0.007692576173624621,0.007692562947446682,0.00769608401068334
0.025000530315344216,0.02500024737505106,0.7749874563512551,0.02500033234866238,0.02500069607732763,0.025003382385012336,0.025000228063970533,0.025000481943473974,0.02500093827115073,0.025005706868752087
0.01666709924734657,0.016667693667006222,0.8499914916961718,0.01666707746138152,0.016667167401708614,0.016668759842775063,0.016667533697921486,0.016667416019739346,0.016667371897223757,0.016668389068725458
0.011111143126857074,0.011111152267979854,0.011112271212267036,0.011111156374940727,0.01111118180509274,0.011112145710070728,0.011111222492989278,0.011111222923101472,0.01111121880843002,0.899997285278271
0.01250028932308448,0.012500249400390514,0.01250108066129811,0.01250036546266351,0.0125002479016254,0.012501522182224962,0.012500296239759326,0.012500333494885364,0.012500314859279132,0.8874953004747892
0.050000993558836755,0.05000052942106952,0.5499774638088575,0.050000466677334134,0.05000045356077521,0.050010736134541094,0.050007946471513756,0.05000048249006066,0.0500004163002258,0.05000051157678563
0.033334155935597076,0.033333674184828736,0.6999744949129283,0.033333870897338906,0.03333448226198337,0.033340479181038336,0.03333373817361165,0.03333408250116997,0.033334782049564596,0.033346239901939155
0.011111278568902667,0.01111129164843364,0.011112622857139777,0.011111338506867963,0.011111417433492265,0.011112339420026904,0.011111292894372366,0.011111393376135401,0.011111358091854354,0.8999956672027747
0.010000671648243734,0.010000892466519097,0.9099923537505212,0.010000771689026923,0.01000080587845998,0.01000101345021053,0.010000680410898964,0.010000778142577967,0.010001150692473098,0.010000881871068432
0.020000156610066374,0.02000093517798061,0.8199965745215807,0.02000016299709002,0.020000353470771063,0.02000054036105094,0.020000654984815583,0.02000018365287895,0.020000206100672074,0.020000232123093705
0.014286192959003081,0.014286125932094072,0.8714203140072487,0.014286154303513194,0.014286180261018501,0.014287892407883744,0.014286455340275273,0.014286279394139364,0.014286537789182756,0.01428786760564119
0.016668032929533474,0.0166679540678941,0.8499788439145917,0.016668009680811228,0.016667758463474368,0.016668184239570758,0.016667916148153147,0.016668306233518337,0.01666817928150007,0.01667681504095287
0.010002090998476923,0.010000489544259172,0.9099877514842958,0.010000698771511779,0.010001916541036344,0.010001450259619293,0.010001977853149806,0.010000653783693919,0.0100006412843945,0.010002329479562401
0.010000172960022561,0.010000112636226051,0.9099941901077471,0.010000117930019618,0.010000289046544705,0.010000797911695251,0.010000461611256005,0.010000216529914677,0.010000386439536203,0.010003254827037926
0.020001767214243023,0.020001305940639764,0.020008601063454295,0.020001831681088,0.02000230635856836,0.020007001027910285,0.020003639945690602,0.020001695737825544,0.02000152068346756,0.8199703303471126
0.020000213804557465,0.02000022447563956,0.8199896163994447,0.02000022376691184,0.020000426607449752,0.020002261633995863,0.02000068541266368,0.0200002865077447,0.020000439836752447,0.02000562155484014
0.0333338482478067,0.033333722014404606,0.6999937471328826,0.033333714699444524,0.03333373835294096,0.03333390661333632,0.03333468564234863,0.03333441464051797,0.03333376117620607,0.03333446148011158
0.033338070372410045,0.03335739839105823,0.6998899230906988,0.03333884003768589,0.033338954342415586,0.033372032144887986,0.033352082293915834,0.033339693126046774,0.03333811185425474,0.03333489434662622
0.020000657682959406,0.02000051083088741,0.20111442090380685,0.020000637097533976,0.020000621247014214,0.02000370818560664,0.02000042436897816,0.020001356375934278,0.02000062656033519,0.638877036746944
0.03333506709251028,0.03333496202352063,0.03335006156765303,0.033335632675842004,0.033335522441207424,0.03333539636083175,0.03333625050520657,0.03333530128866388,0.6999677572705832,0.033334048773981176
0.004762256652498043,0.689029875988662,0.27287221567590925,0.004762157107483345,0.004762272874475063,0.004762170713840768,0.004762408783920526,0.004762179460756136,0.004762189658974995,0.004762273083480094
0.020000360472127304,0.020000248992866055,0.819990919236456,0.020000324548542028,0.020000612754727965,0.020002310836932186,0.0200003425619911,0.020000417962617176,0.020000651548977344,0.020003811084762728
0.05000387595475953,0.549979496743041,0.05000210888851207,0.05000269209415879,0.0500015917738428,0.050001987199020485,0.050002237296062665,0.05000326413185563,0.05000200668153844,0.050000739237208575
0.0333338482478067,0.033333722014404606,0.6999937471328826,0.033333714699444524,0.03333373835294096,0.03333390661333632,0.03333468564234863,0.03333441464051797,0.03333376117620607,0.03333446148011158
0.03333661314078183,0.03333584104986836,0.6999717419679182,0.03333616875636422,0.03333660677141771,0.033335130649716334,0.03333553229419086,0.03334047536627052,0.03333649273499178,0.03333539726848021
0.02500209626816919,0.025001385094206345,0.7749636453705595,0.02500237804904852,0.025001122087374174,0.02501435437021131,0.025002510596429522,0.02500214063873926,0.025001566594724498,0.02500880093053775
0.011111775752203732,0.011111827893692718,0.011114304495879737,0.011111952456441724,0.011111726642689822,0.011112376746058045,0.8999899061423271,0.011111887282702394,0.011111849085556628,0.011112393502448182
0.0250000666945794,0.025000128664449017,0.774990741732849,0.025000071737403946,0.025000180181794486,0.025003178267594767,0.025000766680970975,0.025000107338118593,0.025000322487834677,0.025004436214405238
0.02500003712849327,0.025000093894822783,0.02500266968382682,0.025000114414029943,0.025000116990790938,0.025002247827128374,0.025000353639865823,0.025000130063480938,0.025000255218883424,0.7749939811386777
0.007143310953743645,0.007143273990267067,0.007144171598680562,0.0071432353834715795,0.007143344968326492,0.007143609292976773,0.007143189522790644,0.007143258512051212,0.007143326091390372,0.9357092796863017
0.014286021787802503,0.014285986512544617,0.014287167592408397,0.014286028782173563,0.014286085793567738,0.014287077249066226,0.014286060552315988,0.014286178013306965,0.014286238858269646,0.8714231548585444
0.011112215990007376,0.01111191717377397,0.6329163968880515,0.011111804220945001,0.011111847060979348,0.011112521698042558,0.011111964210762095,0.011111864910777815,0.011112042593819954,0.27818742525284057
0.05000009541421804,0.05000030137168162,0.05000012774845115,0.05000053529181122,0.05000015654764545,0.05000008131117383,0.05000193340123944,0.05000037393412347,0.05000050110496636,0.5499958938746893
0.004167007263110969,0.0041669760964121935,0.0041673245791595676,0.004167052559553847,0.00416701546042049,0.004167137059742164,0.004167196339040118,0.004167006406783359,0.004167046994066731,0.9624962372417105
0.0058825632140927005,0.005882581363332978,0.9470556680458964,0.005882591767539012,0.0058825910519445385,0.005882985016539586,0.005882636709454539,0.005882580829325801,0.005882662395776663,0.005883139606097766
0.03333362015610858,0.03333354522935285,0.6999800568645047,0.033333542489860944,0.0333339439852835,0.03334025400204013,0.03333427196472929,0.033333602272681326,0.033333988720979084,0.03334317431445954
0.020000190898280194,0.020000262144845342,0.5444233035334525,0.0200001573918727,0.020000195292987147,0.2955714307028097,0.020000819888012597,0.020000144286123907,0.0200003541702433,0.02000314169137278
0.025000791064472675,0.025000510118262338,0.025001892329844948,0.025000923937307053,0.025000447938702226,0.025005607271829343,0.025000780160401335,0.02500097070066491,0.025000587853523805,0.7749874886249913
0.8874915016841526,0.012501683466761162,0.01250050502103121,0.012501244060064767,0.012500917552965202,0.012500670721185542,0.012501319620669648,0.012500597485066706,0.01250079552577552,0.012500764862327594
0.016666936039086363,0.01666697033822139,0.8499932454710913,0.01666703911339784,0.016667240572703093,0.01666866711929983,0.016667229295021825,0.016667045095561217,0.016667106738320638,0.016668520217296357
0.03333384296332393,0.03333376486695998,0.6999909047562364,0.03333392659606283,0.03333403579949911,0.033334191728362904,0.03333468669841037,0.03333390548212915,0.03333688763977177,0.033333853469243564
0.007692937162451266,0.007693118523424931,0.007693110108646689,0.00769308925410958,0.007692773524919488,0.007692788653251373,0.9307608372441697,0.007692785965539476,0.0076928616934781036,0.007695697870009325
0.009091860387063153,0.009091707425683602,0.9181739269995006,0.00909163320347095,0.009091815440032201,0.009091869464943019,0.009091677167343345,0.00909184442566312,0.009091694035934706,0.009091971450365414
0.020002514834392828,0.020002597690913997,0.02000198261826922,0.020002902661314267,0.020002939951746717,0.020004287025632252,0.02000199936661281,0.020003084870228848,0.020002985738077707,0.8199747052428114
0.05000039567512823,0.05000032498981363,0.05000123254294757,0.05000047607806279,0.05000057701191037,0.050000420599978744,0.05000118446687502,0.05000140784795278,0.05000050047395066,0.5499934803133802
0.014286837344729273,0.014287652494563778,0.014287914614319027,0.014286895964817437,0.014287099755834505,0.014289853818866417,0.01428655577865766,0.014286775244779294,0.014287101853903361,0.8714133131295293
0.010001503456612403,0.010001517653393941,0.9099862583935898,0.010001342356429828,0.010002591778689191,0.010001427941246328,0.010001315396125754,0.010001404788417876,0.010001567022958098,0.01000107121253677
0.011111213960272594,0.011111588639707346,0.8999982791296653,0.011111189823223823,0.011111435959977871,0.011111194075267929,0.011111321433619759,0.011111206911959607,0.01111126417064686,0.01111130589565925
0.02000018870540489,0.02000016129766665,0.8199883935610125,0.02000013301877238,0.02000027291141873,0.020003699670006245,0.020000126550826308,0.020000225338135714,0.020000526468599823,0.020006272478156662
0.01666668925664537,0.01666672966666464,0.016668358496278787,0.016666743807999044,0.01666673776438431,0.016668331878387514,0.016666907238176824,0.01666674959124261,0.016666836783779216,0.8499959155164417
0.02000140101936786,0.020001849766009445,0.8199841432257837,0.020001077009766312,0.020001432705098385,0.020003090847668967,0.020001184091531527,0.02000131240436193,0.02000161458207011,0.02000289434834157
0.012500651971354875,0.012500630927860933,0.39339742328716665,0.012500451295371594,0.012500548076658465,0.0125011253579912,0.012500462067558856,0.012500575758527548,0.012500706029616233,0.5065974252278936
0.020000219239673336,0.020000182904971752,0.8199961836433067,0.020000129727561038,0.020000225006796383,0.02000093532625603,0.02000117129644714,0.020000113726117257,0.020000225044096157,0.020000614084774302
0.006666684627209812,0.006667607013512949,0.9399986883010802,0.006666706883828478,0.006666785632474402,0.006666735361544512,0.006666705364434498,0.0066666971537558874,0.006666704447047665,0.006666685215111655
0.00833395990230829,0.008334038578314832,0.9249929593945455,0.008334646162100242,0.008334037094735533,0.00833413137327793,0.0083338787158682,0.008334068797794254,0.008333950239944666,0.008334329741110478
0.02500003712849327,0.025000093894822783,0.02500266968382682,0.025000114414029943,0.025000116990790938,0.025002247827128374,0.025000353639865823,0.025000130063480938,0.025000255218883424,0.7749939811386777
0.025013455166312006,0.02500108333981629,0.7749509454847948,0.025001074227743444,0.025008594243842407,0.025005932859640406,0.025006275754023068,0.025001260398053712,0.025001881111704406,0.025009497414069496
0.009091565097674606,0.009091683497015716,0.9181728086997398,0.009092226373032999,0.009091387877797782,0.009093844270061973,0.00909151378847271,0.009091397973672508,0.009091545163436444,0.009092027259095697
0.012501657942856811,0.012502529884970456,0.012500997369237453,0.012502216141458912,0.012501279395026597,0.012501476168744053,0.012504410038487861,0.012501137626483614,0.012501235853334505,0.8874830595793998
0.025001397359791185,0.02500111935217995,0.025004899656565167,0.025000915541212955,0.025001363582244956,0.7749811956825612,0.025001668264621888,0.02500172046917962,0.025001578775296764,0.025004141316346283
0.02500003712849327,0.025000093894822783,0.02500266968382682,0.025000114414029943,0.025000116990790938,0.025002247827128374,0.025000353639865823,0.025000130063480938,0.025000255218883424,0.7749939811386777
0.033333420070657316,0.033336193469407104,0.6999787627070221,0.0333335236809394,0.033333848385015886,0.03334028141361188,0.0333335984103737,0.033333555851890524,0.03333385472196506,0.033342961289117116
0.02500003712849327,0.025000093894822783,0.02500266968382682,0.025000114414029943,0.025000116990790938,0.025002247827128374,0.025000353639865823,0.025000130063480938,0.025000255218883424,0.7749939811386777
0.033333390200232654,0.03333345994359239,0.03333462239822777,0.03333353067349482,0.03333347428014132,0.033333437540498036,0.03333401110197554,0.03333352174271912,0.033333598643900675,0.6999969534752176
0.025000569461034405,0.025000721438453794,0.025004483014635263,0.025000714719930997,0.0250006032194661,0.02500169880928785,0.025000407498983322,0.02500054987890886,0.025000686552486964,0.7749895654068124
0.025000103727799722,0.025000156126345034,0.40839121840393106,0.025000146215301704,0.02500035408784562,0.025003174525374813,0.025000591318282465,0.025000194119208095,0.025000441784092112,0.39160361969181934
0.014286341582206083,0.014286247085843584,0.8714193105627618,0.014286180180588212,0.014286472125986058,0.01428691655007277,0.014286263190818847,0.014286572123474079,0.01428636145328968,0.014289335144958745
0.0333333818555513,0.03333348937771256,0.03333774026711925,0.03333352560194297,0.03333348575696247,0.033338348312546215,0.0333339397750634,0.033333524830524326,0.033333751102118274,0.6999888131204592
0.02500020386473304,0.025000272472773206,0.025002212139724398,0.025000367924673066,0.02500026937295787,0.025002597395944917,0.025000415277465094,0.025000315547367914,0.02500037895274729,0.7749929670516132
0.016667612072816758,0.01666792645775081,0.016668065084716688,0.01666797405384934,0.01666788949762131,0.01666868005775444,0.01666767607460745,0.01666816703098405,0.016667938369662426,0.8499880713002367
0.016668478169250718,0.849984919018787,0.016667823463472307,0.016668743774036772,0.016667550924274077,0.016668794299693056,0.016669665995330197,0.01666766575637017,0.016667700821594127,0.0166686577771916
0.025000265768484815,0.025000162099046742,0.7749948397605674,0.025000131824214972,0.025000284033369565,0.025001320959595598,0.025001920917558873,0.025000145412257313,0.025000234514226113,0.025000694710678593
0.010000675901493365,0.010000699676686063,0.010005873409848655,0.010000780774003794,0.01000187046756216,0.010001370611846404,0.010001281695545339,0.010000712108623954,0.010000837402438649,0.9099858979519516
0.01000063126711187,0.01000063659475065,0.010000519790120472,0.010000781278392419,0.010001145767443438,0.010000523063538545,0.7022865973794244,0.010000704073104702,0.01000085049808068,0.21770761028803273
0.014286095538215332,0.0142861931193146,0.871422186414407,0.014286101259849483,0.014286139250785968,0.014286801254220226,0.014286412883509248,0.014286099599501851,0.014286145000326466,0.014287825679869772
0.033334309119284394,0.033338244221149976,0.03334012169265442,0.033334504275019224,0.033334604677300546,0.6999702309284678,0.033337013588720835,0.033334726485962335,0.033334639470141536,0.03334160554129882
0.020000956719874577,0.020000888196196394,0.8199820907054521,0.02000095885562503,0.02000092360566114,0.020005686488772812,0.02000354934675141,0.02000087528044778,0.0200010591440358,0.020003011657183118
0.009091692522982874,0.00909170089833467,0.9181726869284156,0.009091693364529967,0.009091689411343562,0.009091771102613574,0.00909165870725719,0.009091694551928991,0.00909180647198808,0.009093606040605611
0.02501403881986937,0.025008156480311346,0.7749419844388276,0.025001405136161593,0.025010693787142636,0.02500550046728543,0.02501073279184205,0.025001421370179036,0.02500166602821276,0.025004400680168182
0.020000124031901923,0.020000125936264268,0.819993943567264,0.020000089140315817,0.02000019783565266,0.020001874742799613,0.020000467152918706,0.020000139363836537,0.020000339737866392,0.020002698491180176
0.025001630132741516,0.025001464738563704,0.7749781951295927,0.02500162894462552,0.025001673889604028,0.02500530496828291,0.025005469240671187,0.025001453438648232,0.025001701042628242,0.025001478474642146
0.020000106961147544,0.02000012030840591,0.020001496015774185,0.020000153035285864,0.02000014551261023,0.02000136781794393,0.02000027867364862,0.020000148590019536,0.020000344683272695,0.8199958384018915
0.020000318075941916,0.020000322387961292,0.81998985941513,0.020000329228614354,0.02000031336412686,0.020003369783687643,0.02000081761044834,0.020000296819717076,0.020000486821924384,0.020003886492448327
0.014285801339588578,0.014285787032181075,0.8714250481599819,0.014285770284952204,0.01428587898486211,0.0142866172572313,0.014286253116717969,0.014285782686968004,0.014285879583169854,0.014287181554346984
0.025001998235673742,0.025001871013125752,0.02500234963731655,0.025002620719619482,0.025001557826838182,0.02500348334251326,0.02500615750067255,0.025001318179140683,0.025002567933142407,0.7749760756119574
0.02000109234195778,0.020000823748602053,0.8199758013960458,0.020001368232526746,0.020000608944979476,0.020007378428134968,0.020001185477023207,0.020001399345879425,0.02000100337123255,0.020009338713618006
0.020000727232607565,0.02000056533150811,0.8199893036266517,0.02000055412438045,0.020000649865592267,0.0200026507130274,0.020001261239064438,0.02000043550651834,0.020000795060510904,0.02000305730013889
0.02500003712849327,0.025000093894822783,0.02500266968382682,0.025000114414029943,0.025000116990790938,0.025002247827128374,0.025000353639865823,0.025000130063480938,0.025000255218883424,0.7749939811386777
0.016666837239573955,0.016666799202275404,0.8499946414308521,0.016666777268681623,0.016667054366345926,0.01666837175741107,0.016667301210379272,0.016666815087997826,0.016666927776018987,0.016668474660463794
0.01666819793996212,0.01666830736180833,0.01666913051144463,0.016668528452805097,0.016668910300105727,0.01666869531569369,0.01667422252518471,0.016668555237088826,0.016668361735441294,0.8499770906204656
0.01666750247326871,0.01666763163818491,0.8499775316320759,0.016670660081825543,0.016667527777366277,0.016676759552597245,0.01666736199565562,0.016667557209791146,0.016667793196896274,0.016669674442338224
0.016667976772198938,0.01666890029691272,0.33045409360984496,0.016667513273143385,0.5361989537607792,0.01666906230688938,0.01666772264435273,0.016668019248386273,0.016667962545023268,0.01666979554246898
0.025000114179239696,0.025000228098722824,0.02500268606059216,0.02500015083918486,0.025000197418146287,0.025002316736424255,0.025000163953911938,0.025000134095004983,0.025000243060017035,0.774993765558756
0.020000105478949405,0.020000826857878275,0.8199930592624359,0.020000093955989142,0.020000270688288538,0.020001938218007383,0.020000585434079357,0.020000109363535624,0.02000024640552699,0.020002764335309557
0.014286084560708324,0.014286138112281497,0.8714244830924696,0.014286043977434314,0.014286126707044041,0.014286004330072646,0.014286216189479247,0.014286025550736152,0.0142860650466675,0.014286812433106684
0.020001511972027902,0.020001019081866668,0.020002358308833405,0.020001163130889246,0.020001262053877002,0.02000238101678415,0.020000941166525406,0.020001175443791624,0.020000713145068672,0.8199874746803358
0.020000818616572633,0.020000535719395057,0.8199909212777754,0.020000612227024137,0.020000631168191597,0.020001321872269294,0.02000270140328014,0.020000977685745863,0.020000568113566142,0.020000911916179802
0.005882776132245538,0.005882901617538517,0.3088794475938902,0.005882779668646134,0.005883479633103961,0.6440571078039402,0.005882816342536487,0.005882770907743657,0.005882782771507897,0.005883137528847513
0.02500059682490114,0.025000836807097523,0.7749819944407755,0.0250011188686736,0.025000888994521978,0.02500510338759155,0.025000640298624147,0.02500103025009397,0.02500117484846168,0.025006615279258803
0.025000114179239696,0.025000228098722824,0.02500268606059216,0.02500015083918486,0.025000197418146287,0.025002316736424255,0.025000163953911938,0.025000134095004983,0.025000243060017035,0.774993765558756
0.02000270131241555,0.020004525455828735,0.020001743388219452,0.020003197934854437,0.020000882010419392,0.020000565614428402,0.0200043180160952,0.02000102156186588,0.020001208554820495,0.8199798361510525
0.0250015056263893,0.02500832607848297,0.7749729642151778,0.02500138042860787,0.02500334514887466,0.025002898081459727,0.025005230786800368,0.02500112237546687,0.025001715563453653,0.025001511695286714
0.025000114179239696,0.025000228098722824,0.02500268606059216,0.02500015083918486,0.025000197418146287,0.025002316736424255,0.025000163953911938,0.025000134095004983,0.025000243060017035,0.774993765558756
0.02000140181437539,0.02000089946189249,0.8199760861286539,0.02000120576143539,0.020001258563227573,0.020002491326825814,0.020001349787137804,0.020001488214737576,0.020001341364145147,0.020012477577569018
0.016666922778049233,0.01666741074828943,0.8499927923575438,0.016666888488348422,0.016666993712275584,0.01666828541872363,0.01666717876228397,0.016666913022086546,0.01666754872688498,0.016669065985514417
0.033335709838136635,0.033335507478556244,0.03333416121095229,0.03333583286961284,0.033335191493016725,0.03333417890548568,0.03333809837684746,0.699980370201795,0.0333349232226889,0.0333360264029082
0.025000503358832207,0.02500708098699387,0.5301619437351469,0.02500073300304174,0.025000944596940845,0.02500070754744192,0.2698259570639895,0.025000725719288824,0.025000880257171246,0.025000523731152878
0.010000722183410657,0.010000505885277169,0.9099951174125621,0.010000684224331723,0.01000046256426757,0.010000339018753085,0.010000723408969136,0.010000588164076714,0.010000552429348783,0.010000304709003245
0.03333632613801281,0.6999658697666639,0.03333469702576622,0.033335905725064174,0.03333574849169153,0.0333448928763886,0.033336011168661486,0.03333548557009894,0.033336234414062485,0.03333882882359002
0.03333344350855347,0.03333350129495087,0.6999967467300531,0.033333417328818525,0.033333561049283277,0.033333436632814385,0.03333483045085847,0.03333343250001117,0.03333361742499326,0.033334013079663334
0.010000250576047962,0.010000248839563727,0.010010156137972251,0.010000276981572158,0.010000273520536581,0.010000969686482081,0.010001235282295181,0.010000244788826053,0.010000399933357924,0.9099859442533461
0.0071437352445747615,0.0071434018039788685,0.007143752646850684,0.007143302747807181,0.0071431047502947586,0.9357091157978399,0.0071432824809318915,0.0071431665174505445,0.007143171799217896,0.007143966211053614
0.025001960591398965,0.02500255871602993,0.025005660746781108,0.025002017256042647,0.02500239556493823,0.025003357526424956,0.025002026641812693,0.025002422321277154,0.025002673994710796,0.7749749266405835
0.02000090583480653,0.020001192037329647,0.020002547582319532,0.020000965980332262,0.02000133051045519,0.020003891531293356,0.020000937678819025,0.020001152806890868,0.020001807562812092,0.8199852684749416
0.020000270114003602,0.020000252965662973,0.8199941014293838,0.020000295308525762,0.020000295895444595,0.020000474945918664,0.020001146434343448,0.02000030423306154,0.02000252065533548,0.020000338018320324
0.02500057041648502,0.02500056860357547,0.02500631908087839,0.025000736196233827,0.02500067136418887,0.025002662814838938,0.025000590844425175,0.02500052239902561,0.025001213161996782,0.774986145118352
0.016668038835544016,0.016667693975951196,0.8499867145540644,0.01666805716008509,0.016668218374526835,0.016668019865175066,0.01666828914508556,0.01666778383075779,0.01666769986413654,0.016669484394673476
0.033334871378636326,0.033337236646990696,0.03334851100049339,0.03333436576001116,0.03333433961361759,0.6999660680004732,0.033339123435731574,0.033334420468089945,0.033334389547596356,0.033336674148359724
0.02500172425204772,0.025006120310010618,0.025010808133165422,0.025001750686410085,0.025001870591982136,0.02500468874031019,0.7749686715188412,0.025001809528852184,0.025001855851010113,0.025000700387370373
0.025000114179239696,0.025000228098722824,0.02500268606059216,0.02500015083918486,0.025000197418146287,0.025002316736424255,0.025000163953911938,0.025000134095004983,0.025000243060017035,0.774993765558756
0.01666685661933281,0.016666791068455148,0.8499945085451931,0.016666801019664345,0.01666689437981076,0.016668438031558267,0.01666730966861685,0.016666929010287775,0.016666876367496534,0.01666859528958435
0.0250004365348963,0.02500040300008312,0.7749831745831884,0.025000476352648772,0.025000436713400277,0.025005662879610303,0.025001285602871046,0.025000461621402542,0.025000686618310213,0.025006976093589137
0.02500024986359586,0.025001501858118398,0.774986841226235,0.025000334552294327,0.025000477960316164,0.025003610644456303,0.02500057579378952,0.025000344929775268,0.025001810060440104,0.02500425311097921
0.008334665601934637,0.008334355274023824,0.0083361504879124,0.008334459591729534,0.008334392038912427,0.008335498377271747,0.008334445945918171,0.008334466243654715,0.008334582218031466,0.9249869842206111
0.006250901180339154,0.006250679688897311,0.2044314866198211,0.006250818815069038,0.006251285153325292,0.006251498584016303,0.006251016197118138,0.006250831253102233,0.006250731950557464,0.745560750557754
0.020000157619961045,0.020000894314612078,0.8199809491968139,0.02000018246715305,0.020000386956677847,0.020002032125729274,0.020000333590753715,0.020000274509349922,0.02000049734826773,0.020014291870681464
0.014286756237941485,0.014286844286377474,0.014288668112887572,0.014286630143825847,0.014287179740762254,0.014287201850996066,0.014287980484332151,0.01428662621538332,0.014286501601290061,0.8714156113262038
0.025000076345534247,0.02500136231330722,0.7749966832737183,0.025000095152090385,0.025000271796657775,0.025000143812199532,0.025000751177451885,0.02500008866639442,0.025000184975307795,0.025000342487338515
0.0250004365348963,0.02500040300008312,0.7749831745831884,0.025000476352648772,0.025000436713400277,0.025005662879610303,0.025001285602871046,0.025000461621402542,0.025000686618310213,0.025006976093589137
0.20827360476535783,0.010004325835545337,0.7117094160049966,0.010001900878885035,0.010001270012457493,0.010001479673812767,0.010002982800519998,0.010001135172065873,0.010001237092957402,0.01000264776340156
0.02500003712849327,0.025000093894822783,0.02500266968382682,0.025000114414029943,0.025000116990790938,0.025002247827128374,0.025000353639865823,0.025000130063480938,0.025000255218883424,0.7749939811386777
0.011112123452617511,0.011112280156479953,0.8999860325021927,0.011112357612260402,0.011112399189199994,0.011113722209510679,0.011113221982413869,0.011112377467575305,0.011111991565471366,0.01111349386227835
0.020000279068985705,0.02000021712568927,0.02000153210981232,0.020000269265556363,0.020000329103233145,0.020001577254007228,0.02000039535556737,0.02000039533947347,0.02000055609415008,0.819994449283525
0.02500114747544748,0.025000929875834604,0.02500141272199747,0.025001181778732853,0.02500144487216134,0.7749898917496691,0.025000763818092662,0.02500131925197033,0.02500113009032912,0.025000778365765076
0.016668058629957513,0.016667652975930227,0.016674785989105673,0.016668030718366315,0.016668004621895865,0.01666815500220734,0.01666835875211232,0.016667730187825264,0.016668181377276218,0.8499810417453232
0.014286021645407447,0.014285925690913316,0.8714231677084463,0.014286010612088063,0.014286007868330267,0.014287098940741719,0.0142862887851771,0.014286116119924976,0.014286209350526645,0.014287153278444232
0.020006240905805613,0.02000035572783188,0.02000277113741906,0.020000438902316963,0.020003902164753458,0.02000247235011573,0.02000254653541078,0.020000485421008872,0.020000580454507474,0.8199802064008301
0.01666713704714186,0.01666775043155804,0.8499945034197738,0.016667141861604784,0.016667328057010485,0.01666718595744206,0.01666744022510771,0.016667136300408225,0.016667260111846924,0.016667116588106115
0.03333344350855347,0.03333350129495087,0.6999967467300531,0.033333417328818525,0.033333561049283277,0.033333436632814385,0.03333483045085847,0.03333343250001117,0.03333361742499326,0.033334013079663334
0.0071435028469229115,0.007143437770495654,0.9357072447093502,0.007143539962931081,0.007143527009679051,0.007143497573961632,0.007143385940835416,0.007143627745157291,0.007143500859043666,0.007144735581622957
0.020000531922938356,0.020001046844715695,0.8199901169475265,0.0200005844855743,0.020000631147678184,0.02000218178651968,0.020000341801647083,0.020000821639442997,0.020000948430451557,0.020002794993505615
0.02000027438336952,0.020001068652556575,0.8199857720701659,0.020000507244435393,0.02000037745728464,0.020002954632067124,0.02000026132289206,0.02000080215485936,0.020000759341512454,0.02000722274085704
0.03333355590566854,0.03333375073164991,0.033334638460250206,0.03333360921859596,0.033333647749632406,0.03333355614257279,0.03333358221911543,0.03333353039428607,0.0333335723488351,0.6999965568293937
0.014285887243055942,0.014285876403263351,0.8714241545567238,0.014285866763348837,0.014286063616122504,0.014286774237576504,0.014286055988730992,0.014285880672594791,0.014286343059628651,0.014287097458954462
0.025000101172557642,0.025000247618203124,0.32360747532573964,0.02500017565644335,0.025000150040498634,0.025002917959992144,0.02500194465561262,0.025000199084217477,0.025000474056316203,0.4763863144304192
0.025000312304930994,0.025000422691981078,0.02500426325300187,0.025000637232719374,0.025000317341262585,0.02500111685514706,0.02500047259778416,0.025000962822541502,0.025000795853337674,0.7749906990472937
0.02000112068422802,0.02000105917778846,0.020001939013423793,0.02000097895627486,0.020000842652220616,0.02000189929106995,0.020000785026176242,0.020001362421283204,0.0200010817433606,0.8199889310341743
0.020000406144810638,0.020000275135149747,0.8199903987975594,0.020000286636018026,0.020000538668051696,0.020003439805338318,0.0200008931278616,0.020000369261281337,0.020000519676041082,0.020002872747888114
0.014286190907694039,0.014286111670791269,0.6872511778569803,0.014286200883815464,0.014286636735143906,0.01428702921233748,0.014286195126543395,0.014286319994551842,0.014286240935165612,0.19845789667697675
0.02500056711347406,0.025000615692829378,0.025000639526220975,0.025000694623056593,0.025000734109234188,0.025000374662471934,0.025000561864446248,0.02500045680797396,0.025000561065293407,0.7749947945349992
0.050004437989378724,0.05000424225671424,0.05002247921776477,0.050004006804126304,0.0500066161418894,0.05000328127256531,0.05000306744981872,0.050002492997791206,0.05000510141162681,0.5499442744583246
0.0333333818555513,0.03333348937771256,0.03333774026711925,0.03333352560194297,0.03333348575696247,0.033338348312546215,0.0333339397750634,0.033333524830524326,0.033333751102118274,0.6999888131204592
0.010001255381633255,0.010000480205587274,0.010004220783425536,0.0100004571208338,0.010001106385294022,0.010000714768970211,0.9099896200923083,0.01000041474963543,0.010000497844089335,0.010001232668222615
0.005882684894212417,0.005882743337073665,0.005884383950180668,0.0058827434156646045,0.005882763906974272,0.005882846080820907,0.00588274990160056,0.005882769960720938,0.005882730512453757,0.9470535840402982
0.02500003712849327,0.025000093894822783,0.02500266968382682,0.025000114414029943,0.025000116990790938,0.025002247827128374,0.025000353639865823,0.025000130063480938,0.025000255218883424,0.7749939811386777
0.007143346551844853,0.007143314744912538,0.00714319332849977,0.007143411823535162,0.007143385781443103,0.007143810150521074,0.007143615943899893,0.007143372671272492,0.007143370433365359,0.9357091785707057
0.020000365191288984,0.02000024743511949,0.8199947906045787,0.02000031073816176,0.02000057980675404,0.020000513896086203,0.0200006034622989,0.02000039475681195,0.020000580522565363,0.020001613586334614
0.007143064500752903,0.007143143735850792,0.9357116795924628,0.0071430855600887015,0.007143098500736153,0.007143192136409985,0.007143097672054714,0.007143037510918148,0.007143061542940259,0.0071435392477856175
0.0142874197115806,0.8714194809975002,0.014287953133917178,0.014286334626902202,0.014286510526454084,0.014286614694282704,0.014287123888593056,0.014286258303591412,0.014286264777839938,0.014286039339338526
0.01666762427303687,0.016668292488080924,0.8499823274213126,0.0166676082070051,0.016668118158134793,0.016668486479243134,0.016671169737903543,0.01666811571625277,0.016667636480935263,0.016670621038095218
0.025000161532133525,0.025000129294485713,0.7749900749366335,0.02500012786895283,0.025000373561601584,0.0250032410705383,0.02500061518310499,0.025000150489789992,0.025000370319814533,0.025004755742945167
0.03333374523993388,0.033333837195929535,0.03333797189578953,0.03333397932373982,0.03333386942163729,0.03333861985033473,0.03333372195205202,0.03333391017246408,0.03333401215225882,0.6999863327958603
0.02500238009514131,0.025001605329352836,0.7749790486664789,0.025001391355272587,0.02500134496528741,0.025003971958390284,0.0250013436711787,0.02500196537876931,0.02500180073035451,0.02500514784977402
0.025000074704806346,0.025000096881907727,0.025003047403443765,0.025000107060432934,0.025000169597195955,0.025002301946806672,0.025000266787776518,0.02500025761116452,0.025000255226325544,0.77499342278014
0.01250088038019972,0.012500738964300697,0.012500743979568003,0.012500838577719695,0.01250082240833007,0.01250102152953023,0.012500575924366493,0.012501072719890182,0.01250065576860527,0.8874926497474896
0.025000345283434495,0.025000339417145682,0.7749856899522793,0.025000377186208216,0.02500071870619693,0.02500387208950421,0.02500066247603538,0.025000473084713714,0.025000691140535197,0.02500683066394694
0.009091463685174911,0.009091549823402503,0.009093888459098715,0.009091575292735871,0.00909162323789062,0.009091652441692646,0.009091584749583926,0.009091686682478102,0.00909164202407031,0.9181733336038723
0.025000260121924852,0.025000267375286062,0.7749949575769083,0.02500015906205613,0.02500017796566764,0.02500152537183136,0.025001635522175266,0.02500013213128775,0.025000273235048616,0.025000611637814123
0.00833361989005207,0.008333638285887731,0.9249949352545261,0.008333652178145858,0.008333653362323567,0.008333882270718929,0.008333759063181973,0.008333640232745071,0.008333736903315372,0.008335482559103123
0.025005466981365007,0.025000870418857242,0.025001237714624213,0.02500116076359719,0.7749838117563818,0.02500147858457139,0.02500233686527136,0.025000968474482698,0.025001159004628692,0.02500150943622037
0.016666737341785674,0.016666772372462613,0.8499918787343586,0.016666750767211642,0.016666847739391782,0.01666678705306044,0.016667350314956263,0.016666791190724346,0.016666899719750203,0.01667318476629865
0.012500089146127694,0.012500067825120318,0.012501413921271454,0.012500080375088145,0.012500229423696975,0.012500917405415297,0.012500182928226805,0.012500164928019987,0.012500151473164694,0.8874967025738686
0.007143200924353065,0.0071436990275816235,0.9357094831567531,0.007143200710640349,0.007143394505237825,0.0071434749781057755,0.007143691984019958,0.007143281780892535,0.007143270892256606,0.007143302040159175
0.03333362015610858,0.03333354522935285,0.6999800568645047,0.033333542489860944,0.0333339439852835,0.03334025400204013,0.03333427196472929,0.033333602272681326,0.033333988720979084,0.03334317431445954
0.02000038085063927,0.02000037568475533,0.8199961348972987,0.02000023644582477,0.02000040575640717,0.020000377308452198,0.020000736288297797,0.020000243692359768,0.02000044285075344,0.020000666225211503
0.02500111344133034,0.774990183660806,0.02500041583452408,0.02500149487778667,0.02500127097302023,0.025000832976368927,0.025001033066632112,0.025001573029926432,0.02500118122355833,0.02500090091604699
0.03333426972587133,0.033336998811004534,0.033339452851114185,0.033334132807594986,0.03333419597999558,0.6999730614145735,0.033334296026043125,0.033334233158618456,0.0333344961199101,0.03334486310527404
0.025000172735835387,0.025000170013834127,0.025002762982347725,0.025000197286259483,0.025000231648966104,0.025002397989615423,0.025000246899071075,0.02500020977043866,0.025000532459530253,0.7749930782141018
0.011111275966937149,0.011111468869244615,0.8999944309694909,0.011111273570104097,0.011111264841032857,0.011113434984700927,0.011111531124607988,0.011111274912691198,0.011111360703253467,0.011112684057936625
0.01666745432278043,0.016667249863117115,0.016667843153932077,0.016667614223265174,0.016667574224731162,0.016668118552930388,0.016667323952159755,0.01666739655339831,0.016667333579194903,0.8499920915744906
0.020000088877582013,0.020000194209435895,0.21423534846975079,0.020000109967041567,0.020000129831372254,0.020001587633852617,0.020001628737447125,0.02000015176016438,0.02000036122551448,0.6257603992878388
0.008334089026690363,0.00833407665585557,0.008333788760312027,0.008334111990474066,0.008334248744455984,0.008333954541191731,0.008334230587489784,0.008334317968333163,0.008334178066814309,0.924993003658383
0.0333333818555513,0.03333348937771256,0.03333774026711925,0.03333352560194297,0.03333348575696247,0.033338348312546215,0.0333339397750634,0.033333524830524326,0.033333751102118274,0.6999888131204592
0.012500669453943597,0.012500693485124212,0.8874901131676465,0.012500650140839575,0.012501889505759584,0.012501948920454193,0.012501036959551503,0.012500734859459272,0.012500776801796381,0.01250148670542515
0.03333533718683697,0.033334746690830024,0.03333508079599524,0.03333541714232531,0.03333585046645316,0.03333444530390561,0.03333499149474181,0.03333524839567076,0.03333543268816168,0.6999834498350794
0.033356501570125915,0.03333452500811082,0.033342507676038385,0.03333476267279614,0.033347682263538965,0.033342401013903254,0.03334212374624119,0.03333494400482622,0.033335219679596025,0.6999293323648231
0.025000988539178575,0.025000894916922006,0.7749845189498258,0.025000955992848566,0.025001208215432606,0.02500280839424418,0.025001608056239025,0.025000719174279602,0.025001148498682905,0.025005149262346777
0.014285994788616682,0.014286126006934708,0.8714242158790259,0.014286045873861383,0.014286115037682092,0.014286169672559022,0.014286205798407052,0.014286029333560232,0.01428605358753845,0.01428704402181463
0.01000046297891482,0.010000604523076918,0.9099902143373383,0.010000561911304212,0.010000602500011209,0.010001453625589862,0.010001473577206354,0.010000433460058081,0.010000549969953094,0.01000364311654713
0.009091515866663076,0.009091619315427676,0.9181753072403771,0.00909163034025862,0.009091584885081615,0.009091358236029001,0.009091459594984112,0.00909172146272861,0.00909172815051491,0.009092074907935213
0.016666977683830107,0.016666992001546484,0.8499900410475697,0.01666704835358739,0.01666733756987213,0.016669069439662752,0.016667011639681973,0.016667211928785532,0.016667244298410967,0.016671066037053112
0.03333541207047063,0.03333515971622108,0.033342626905252915,0.033335931824587814,0.03333615046244707,0.033339163491829575,0.033334810340152565,0.033335388742264806,0.03333480949464638,0.6999705469521271
0.02500003712849327,0.025000093894822783,0.02500266968382682,0.025000114414029943,0.025000116990790938,0.025002247827128374,0.025000353639865823,0.025000130063480938,0.025000255218883424,0.7749939811386777
0.03333364050869373,0.03333391577253015,0.03333982245098772,0.03333630570839267,0.03333368467380407,0.6999792937174332,0.03333360546628148,0.033333697694431876,0.03333400208668493,0.03334203192076014
0.025000074704806346,0.025000096881907727,0.025003047403443765,0.025000107060432934,0.025000169597195955,0.025002301946806672,0.025000266787776518,0.02500025761116452,0.025000255226325544,0.77499342278014
0.016667130690725694,0.016667084525762616,0.8499917093074567,0.01666708817399294,0.016667040050479094,0.016668142671940382,0.016667051345793518,0.01666728490300469,0.01666724682843347,0.016670221502410883
0.02500003712849327,0.025000093894822783,0.02500266968382682,0.025000114414029943,0.025000116990790938,0.025002247827128374,0.025000353639865823,0.025000130063480938,0.025000255218883424,0.7749939811386777
0.020000646903866253,0.020000511090619046,0.8199888096915672,0.02000039820053841,0.020001171566689048,0.02000250872663052,0.02000133033351998,0.020001109756588156,0.02000081770512428,0.020002696024857207
0.008333637356991733,0.008333763734943116,0.924995576953827,0.008333636293899688,0.008333647974274223,0.008333895191991252,0.008333705485663812,0.008333664114242226,0.008333689853064093,0.008334783041102951
0.02500037406312994,0.0250002869924677,0.38127343829238636,0.02500026239289056,0.025000519407043634,0.025003246223417857,0.025000288154241785,0.02500043435457765,0.025000886801173045,0.41872026331867146
0.008334053270493028,0.008334270256249818,0.008334996512717652,0.008334050346541912,0.008334003863219482,0.008334074930250334,0.008334086257605613,0.00833419637302689,0.008334096696597525,0.9249921714932977
0.016666805635435978,0.016666812319473766,0.8499886594258396,0.016666812230862773,0.016666900603261568,0.01666804279618492,0.016667154641931786,0.01666697947781487,0.01666697153386935,0.016674861335325548
0.02500003712849327,0.025000093894822783,0.02500266968382682,0.025000114414029943,0.025000116990790938,0.025002247827128374,0.025000353639865823,0.025000130063480938,0.025000255218883424,0.7749939811386777
0.0250007602970583,0.025000615808291483,0.025007533752073464,0.025000736095245894,0.025001708769852454,0.02500134634744331,0.025000847002962255,0.025001231741121798,0.025000995834890447,0.7749842243510606
0.02500034820180681,0.025000385625758882,0.3257889857067576,0.02500032697203053,0.025000359052558704,0.02500312782523249,0.025001738291508344,0.02500034429182932,0.025000978985091907,0.4742034050474254
0.012500444148042867,0.012500627122965425,0.012502469597576532,0.012500544241106642,0.012500415284090753,0.8874909598838315,0.01250152389862016,0.012500459357781478,0.012500439222562889,0.012502117243421781
0.02500003712849327,0.025000093894822783,0.02500266968382682,0.025000114414029943,0.025000116990790938,0.025002247827128374,0.025000353639865823,0.025000130063480938,0.025000255218883424,0.7749939811386777
0.02500072273084654,0.025000396228478553,0.7749850437284762,0.02500060936941394,0.025000608208869304,0.02500351663882453,0.025000988843696025,0.025000677778790205,0.02500119901422482,0.02500623745837999
0.007143191630714821,0.007143219853845733,0.9357110955367561,0.007143194533954794,0.007143164467898166,0.007143235605660162,0.007143200045900152,0.007143156786056982,0.007143181466838935,0.007143360072374016
0.02000008743644208,0.02000014581927618,0.8199819953710829,0.020000125068736063,0.020000258880978148,0.02000197047302557,0.020000683531437292,0.020000199446759574,0.020000390572422606,0.02001414339983952
0.01111199573921889,0.011112168576536009,0.8999919835746863,0.01111194205095456,0.011111950645733837,0.011111777961847967,0.011112136153789367,0.011112136641769386,0.011112122848437406,0.011111785807026367
0.025000063800518824,0.025001378938870774,0.774989545371951,0.025000097329842673,0.025000256812259137,0.02500325509611785,0.025000642638682548,0.025000124606010837,0.02500031010979729,0.025004325295949047
0.025000470138608726,0.02500033734119916,0.025002985999737066,0.025000398158031213,0.025000548923027482,0.025002958748276516,0.025000448528204842,0.025000636138517968,0.025000897995327953,0.774990318029069
0.02500057041648502,0.02500056860357547,0.02500631908087839,0.025000736196233827,0.02500067136418887,0.025002662814838938,0.025000590844425175,0.02500052239902561,0.025001213161996782,0.774986145118352
0.020000105478949405,0.020000826857878275,0.8199930592624359,0.020000093955989142,0.020000270688288538,0.020001938218007383,0.020000585434079357,0.020000109363535624,0.02000024640552699,0.020002764335309557
0.050000200724448385,0.05001341125709798,0.5499824383483278,0.05000044947167607,0.05000132968792966,0.05000076776493492,0.05000043249006434,0.050000340723785265,0.05000042223685332,0.050000207294882124
0.025001596236025245,0.025006110223927208,0.7749832639411693,0.02500116644989202,0.0250017914426048,0.025001073837813574,0.025001508679609694,0.025001084243112873,0.02500147626617437,0.0250009286796709
0.02500077910728723,0.7749810785310353,0.025006688034966692,0.0250008866047365,0.025001066809117956,0.025000770902587628,0.02500663980381184,0.025000769689579354,0.025000946086928117,0.025000374429949353
0.8714225743436422,0.014286491280699498,0.014286225037259416,0.014286312474985149,0.014286831204613092,0.014286300021409067,0.014286549582147768,0.014286212557935383,0.014286306105316249,0.014286197391992045
0.033333390200232654,0.03333345994359239,0.03333462239822777,0.03333353067349482,0.03333347428014132,0.033333437540498036,0.03333401110197554,0.03333352174271912,0.033333598643900675,0.6999969534752176
0.025000063800518824,0.025001378938870774,0.774989545371951,0.025000097329842673,0.025000256812259137,0.02500325509611785,0.025000642638682548,0.025000124606010837,0.02500031010979729,0.025004325295949047
0.014285749856075306,0.014285782906648713,0.871422994460729,0.014285752545678697,0.014285810382420595,0.01428741099063848,0.01428612317441817,0.014285771532778187,0.014285886278643559,0.014288717871969234
0.0200005744708609,0.020000529716857538,0.8199854070454351,0.02000055447351235,0.0200004241229502,0.020006967120175963,0.020000918982868217,0.02000053662358659,0.020000727517606627,0.020003359926146328
0.020000203361405785,0.02000022966690885,0.8199925955364699,0.020000169360262107,0.020000370651341807,0.02000234156464104,0.020000773703453708,0.020000217038182444,0.02000031484183408,0.0200027842755005
0.0333336499839033,0.03333357762969599,0.6999922398369207,0.03333347714202978,0.03333349145306282,0.033335978023110495,0.033336625423053295,0.03333350778203091,0.033333589538870445,0.03333386318732222
0.02500003712849327,0.025000093894822783,0.02500266968382682,0.025000114414029943,0.025000116990790938,0.025002247827128374,0.025000353639865823,0.025000130063480938,0.025000255218883424,0.7749939811386777
0.02500031301534051,0.02500147459017246,0.7749953291177892,0.02500024877463322,0.025001043601415987,0.025000242503416977,0.025000168578434085,0.025000292376379456,0.025000433307422697,0.0250004541349953
0.033333632774897974,0.033333583584754,0.6999770806149492,0.033333528512162626,0.033333614090834504,0.03334324639939854,0.033335574235923954,0.03333359402762378,0.03333385329143507,0.0333422924680202
0.03333417208809381,0.03333366782007284,0.6999917185925155,0.03333381883115523,0.033334358077052983,0.0333338055716785,0.033334703401958175,0.03333399527449887,0.033334516358348026,0.033335243984626194
0.014286469640616846,0.014286397662908182,0.8714170801322925,0.014286342053302049,0.014286266082056163,0.014287376475586021,0.014286307193879117,0.014286652260287063,0.014286620263729568,0.01429048823534264
0.02000129528503689,0.02000091630119674,0.02000832494101748,0.020001539193162943,0.020001570579290674,0.02000208417411148,0.020000905307511113,0.0200012727103345,0.02000182513357327,0.819980266374765
0.012500531343177567,0.012500770213381062,0.8874940484414824,0.012500489538946311,0.012500649156862928,0.01250066321468599,0.012500736559381434,0.012500630236569717,0.012500521155290736,0.012500960140221964
